UZA,Urbanized Area,Population,Square Miles,Population Density,VOMS,Transit Agency,ID,Org Type,
1,"New York-Newark, NY-NJ-CT","17,799,861","3,353.0","5,309.0",1000 & Over,MTA New York City Transit(NYCT),2008,Subsidiary,
1,"New York-Newark, NY-NJ-CT","17,799,861","3,353.0","5,309.0",1000 & Over,"Metro-North Commuter Railroad Company, dba: MTA Metro-North Railroad(MTA-MNCR)",2078,Subsidiary,
1,"New York-Newark, NY-NJ-CT","17,799,861","3,353.0","5,309.0",1000 & Over,New Jersey Transit Corporation(NJ TRANSIT),2080,Other Public,
1,"New York-Newark, NY-NJ-CT","17,799,861","3,353.0","5,309.0",1000 & Over,MTA Long Island Rail Road(MTA LIRR),2100,Subsidiary,
1,"New York-Newark, NY-NJ-CT","17,799,861","3,353.0","5,309.0",1000 & Over,MTA Bus Company(MTABUS),2188,Subsidiary,
1,"New York-Newark, NY-NJ-CT","17,799,861","3,353.0","5,309.0",250-499,"Metropolitan Suburban Bus Authority, dba: MTA Long Island Bus(MTA Long Island Bus)",2007,Subsidiary,
1,"New York-Newark, NY-NJ-CT","17,799,861","3,353.0","5,309.0",250-499,Westchester County Bee-Line System(The Bee-Line System),2076,Other  ,
1,"New York-Newark, NY-NJ-CT","17,799,861","3,353.0","5,309.0",250-499,Port Authority Trans-Hudson Corporation(PATH),2098,Agency,
1,"New York-Newark, NY-NJ-CT","17,799,861","3,353.0","5,309.0",100-249,Suffolk County Department of Public Works - Transportation Division(ST),2072,City,
1,"New York-Newark, NY-NJ-CT","17,799,861","3,353.0","5,309.0",100-249,"Academy Lines, Inc.",2122,For-Profit,
1,"New York-Newark, NY-NJ-CT","17,799,861","3,353.0","5,309.0",100-249,"Hudson Transit Lines, Inc.(Short Line)",2126,For-Profit,
1,"New York-Newark, NY-NJ-CT","17,799,861","3,353.0","5,309.0",100-249,Suburban Transit Corporation(Coach USA),2128,For-Profit,
1,"New York-Newark, NY-NJ-CT","17,799,861","3,353.0","5,309.0",50-99,Transport of Rockland(TOR),2084,City,
1,"New York-Newark, NY-NJ-CT","17,799,861","3,353.0","5,309.0",50-99,"Rockland Coaches, Inc.",2149,Contractor,
1,"New York-Newark, NY-NJ-CT","17,799,861","3,353.0","5,309.0",50-99,DeCamp Bus Lines,2161,Contractor,
1,"New York-Newark, NY-NJ-CT","17,799,861","3,353.0","5,309.0",50-99,"Lakeland Bus Lines, Inc.",2163,For-Profit,
1,"New York-Newark, NY-NJ-CT","17,799,861","3,353.0","5,309.0",50-99,"Orange-Newark-Elizabeth, Inc.(Coach USA)",2166,Contractor,
1,"New York-Newark, NY-NJ-CT","17,799,861","3,353.0","5,309.0",50-99,Port Imperial Ferry Corporation dba NY Waterway,2190,Other  ,
1,"New York-Newark, NY-NJ-CT","17,799,861","3,353.0","5,309.0",50-99,Bergen County Community Transportation(BCCT),2192,City,
1,"New York-Newark, NY-NJ-CT","17,799,861","3,353.0","5,309.0",25-49,New York City Department of Transportation(NYCDOT),2082,City,
1,"New York-Newark, NY-NJ-CT","17,799,861","3,353.0","5,309.0",25-49,"Staten Island Rapid Transit Operating Authority, dba: MTA Staten Island Railway(SIRTOA)",2099,Agency,
1,"New York-Newark, NY-NJ-CT","17,799,861","3,353.0","5,309.0",25-49,New Jersey Transit Corporation-45(NJTC-45),2132,Other  ,
1,"New York-Newark, NY-NJ-CT","17,799,861","3,353.0","5,309.0",25-49,Monsey New Square Trails Corporation,2135,Other  ,
1,"New York-Newark, NY-NJ-CT","17,799,861","3,353.0","5,309.0",25-49,Trans-Hudson Express,2168,For-Profit,
1,"New York-Newark, NY-NJ-CT","17,799,861","3,353.0","5,309.0",25-49,"Trans-Bridge Lines, Inc. ",2169,Contractor,
1,"New York-Newark, NY-NJ-CT","17,799,861","3,353.0","5,309.0",25-49,"Private One of New York, LLC, dba: New York Airport Service",2171,Contractor,
1,"New York-Newark, NY-NJ-CT","17,799,861","3,353.0","5,309.0",25-49,"Adirondack Transit Lines, Inc,(Adirondack Trailways)",2177,For-Profit,
1,"New York-Newark, NY-NJ-CT","17,799,861","3,353.0","5,309.0",under 25,City of Long Beach(Long Beach Bus),2006,City,
1,"New York-Newark, NY-NJ-CT","17,799,861","3,353.0","5,309.0",under 25,Huntington Area Rapid Transit(HART),2071,City,
1,"New York-Newark, NY-NJ-CT","17,799,861","3,353.0","5,309.0",under 25,Clarkstown Mini-Trans,2085,Agency,
1,"New York-Newark, NY-NJ-CT","17,799,861","3,353.0","5,309.0",under 25,Transportation Resources Intra-County for Physically Handicapped and Senior Citizens(TRIPS),2086,City,
1,"New York-Newark, NY-NJ-CT","17,799,861","3,353.0","5,309.0",under 25,Village of Spring Valley Bus(Spring Valley Jitney),2089,City,
1,"New York-Newark, NY-NJ-CT","17,799,861","3,353.0","5,309.0",under 25,Putnam County Transit(PART),2096,City,
1,"New York-Newark, NY-NJ-CT","17,799,861","3,353.0","5,309.0",under 25,"Community Transit, Inc. (Community Transit)",2160,Contractor,
1,"New York-Newark, NY-NJ-CT","17,799,861","3,353.0","5,309.0",under 25,"Olympia Trails Bus Company, Inc.(Coach USA)",2165,Contractor,
1,"New York-Newark, NY-NJ-CT","17,799,861","3,353.0","5,309.0",under 25,Private Transportation Corporation,2175,Contractor,
1,"New York-Newark, NY-NJ-CT","17,799,861","3,353.0","5,309.0",under 25,Kaser Bus Service(Kaser),2176,Agency,
1,"New York-Newark, NY-NJ-CT","17,799,861","3,353.0","5,309.0",under 25,"BillyBey Ferry Company, LLC",2189,For-Profit,
1,"New York-Newark, NY-NJ-CT","17,799,861","3,353.0","5,309.0",under 25,"Meadowlands Transportation Brokerage Corporation, dba Meadowlink",2197,Non-Profit,
1,"New York-Newark, NY-NJ-CT","17,799,861","3,353.0","5,309.0",under 25,"TransOptions, Inc. ",2198,Non-Profit,
1,"New York-Newark, NY-NJ-CT","17,799,861","3,353.0","5,309.0",under 25,Essex County Division of Training and Employment,2202,City,
2,"Los Angeles-Long Beach-Santa Ana, CA","11,789,487","1,668.0","7,068.0",1000 & Over,Orange County Transportation Authority(OCTA),9036,Agency,
2,"Los Angeles-Long Beach-Santa Ana, CA","11,789,487","1,668.0","7,068.0",1000 & Over,Los Angeles County Metropolitan Transportation Authority(LACMTA),9154,Agency,
2,"Los Angeles-Long Beach-Santa Ana, CA","11,789,487","1,668.0","7,068.0",500-999,Access Services  (AS),9157,Agency,
2,"Los Angeles-Long Beach-Santa Ana, CA","11,789,487","1,668.0","7,068.0",250-499,Foothill Transit,9146,Agency,
2,"Los Angeles-Long Beach-Santa Ana, CA","11,789,487","1,668.0","7,068.0",250-499,                                                    City of Los Angeles Department of Transportation(LADOT),9147,City,
2,"Los Angeles-Long Beach-Santa Ana, CA","11,789,487","1,668.0","7,068.0",250-499,LACMTA - Small Operators(LACMTA),9166,Consolidated,
2,"Los Angeles-Long Beach-Santa Ana, CA","11,789,487","1,668.0","7,068.0",100-249,Santa Monica's Big Blue Bus(Big Blue Bus ),9008,City,
2,"Los Angeles-Long Beach-Santa Ana, CA","11,789,487","1,668.0","7,068.0",100-249,Long Beach Transit(LBT),9023,Other Public,
2,"Los Angeles-Long Beach-Santa Ana, CA","11,789,487","1,668.0","7,068.0",100-249,Southern California Regional Rail Authority(Metrolink),9151,Agency,
2,"Los Angeles-Long Beach-Santa Ana, CA","11,789,487","1,668.0","7,068.0",50-99,Torrance Transit System(TTS),9010,City,
2,"Los Angeles-Long Beach-Santa Ana, CA","11,789,487","1,668.0","7,068.0",50-99,Montebello Bus Lines(MBL),9041,City,
2,"Los Angeles-Long Beach-Santa Ana, CA","11,789,487","1,668.0","7,068.0",50-99,City of Gardena Transportation Department(GMBL),9042,City,
2,"Los Angeles-Long Beach-Santa Ana, CA","11,789,487","1,668.0","7,068.0",50-99,Anaheim Transportation Network(ATN),9211,Non-Profit,
2,"Los Angeles-Long Beach-Santa Ana, CA","11,789,487","1,668.0","7,068.0",25-49,Norwalk Transit System(NTS),9022,City,
2,"Los Angeles-Long Beach-Santa Ana, CA","11,789,487","1,668.0","7,068.0",25-49,Culver City Municipal Bus Lines(Culver CityBus),9039,City,
2,"Los Angeles-Long Beach-Santa Ana, CA","11,789,487","1,668.0","7,068.0",under 25,City of La Mirada Transit(LMT),9024,City,
2,"Los Angeles-Long Beach-Santa Ana, CA","11,789,487","1,668.0","7,068.0",under 25,City of Commerce Municipal Buslines(CBL),9043,City,
2,"Los Angeles-Long Beach-Santa Ana, CA","11,789,487","1,668.0","7,068.0",under 25,City of Arcadia Transit(Arcadia Transit),9044,City,
2,"Los Angeles-Long Beach-Santa Ana, CA","11,789,487","1,668.0","7,068.0",under 25,Laguna Beach Municipal Transit(CLB),9119,City,
2,"Los Angeles-Long Beach-Santa Ana, CA","11,789,487","1,668.0","7,068.0",under 25,City of Redondo Beach - Beach Cities Transit(BCT),9214,City,
3,"Chicago, IL-IN","8,307,904","2,123.0","3,914.0",1000 & Over,Chicago Transit Authority(CTA),5066,Agency,
3,"Chicago, IL-IN","8,307,904","2,123.0","3,914.0",1000 & Over,Pace - Suburban Bus Division(PACE),5113,Agency,
3,"Chicago, IL-IN","8,307,904","2,123.0","3,914.0",1000 & Over,Northeast Illinois Regional Commuter Railroad Corporation(Metra),5118,Agency,
3,"Chicago, IL-IN","8,307,904","2,123.0","3,914.0",500-999,"Pace-Suburban Bus Division, ADA Paratransit Services(PACE)",5182,Agency,
3,"Chicago, IL-IN","8,307,904","2,123.0","3,914.0",50-99,Northern Indiana Commuter Transportation District(NICTD),5104,Agency,
3,"Chicago, IL-IN","8,307,904","2,123.0","3,914.0",25-49,NWI Regional Bus Authority(RBA),5192,Agency,
3,"Chicago, IL-IN","8,307,904","2,123.0","3,914.0",under 25,East Chicago Transit(ECT),5042,City,
3,"Chicago, IL-IN","8,307,904","2,123.0","3,914.0",under 25,Gary Public Transportation Corporation(GPTC),5045,City,
3,"Chicago, IL-IN","8,307,904","2,123.0","3,914.0",under 25,North Township of Lake County Dial-A-Ride,5103,City,
3,"Chicago, IL-IN","8,307,904","2,123.0","3,914.0",under 25,"Opportunity Enterprises, Inc.(OE)",5131,Non-Profit,
3,"Chicago, IL-IN","8,307,904","2,123.0","3,914.0",under 25,"South Lake County Community Services, Inc.(SLCCS)",5167,Non-Profit,
3,"Chicago, IL-IN","8,307,904","2,123.0","3,914.0",under 25,"Porter County Aging and Community Services, Inc.(PCACS)",5179,Agency,
3,"Chicago, IL-IN","8,307,904","2,123.0","3,914.0",under 25,City of Valparaiso,5183,City,
3,"Chicago, IL-IN","8,307,904","2,123.0","3,914.0",under 25,City of Chicago Department of Transportation(CDOT),5190,City,
4,"Philadelphia, PA-NJ-DE-MD","5,149,079","1,800.0","2,861.0",1000 & Over,Southeastern Pennsylvania Transportation Authority(SEPTA),3019,Agency,
4,"Philadelphia, PA-NJ-DE-MD","5,149,079","1,800.0","2,861.0",250-499,Delaware Transit Corporation(DTC),3075,Agency,
4,"Philadelphia, PA-NJ-DE-MD","5,149,079","1,800.0","2,861.0",50-99,Port Authority Transit Corporation(PATCO),2075,Agency,
4,"Philadelphia, PA-NJ-DE-MD","5,149,079","1,800.0","2,861.0",25-49,Cumberland Area Transit System(CATS),2193,AAOA,
4,"Philadelphia, PA-NJ-DE-MD","5,149,079","1,800.0","2,861.0",25-49,Gloucester County Division of Transporation Services(DTS),2195,City,
4,"Philadelphia, PA-NJ-DE-MD","5,149,079","1,800.0","2,861.0",under 25,County of Cumberland(CCET),2201,City,
4,"Philadelphia, PA-NJ-DE-MD","5,149,079","1,800.0","2,861.0",under 25,Pennsylvania Department of Transportation(PENNDOT),3057,State DOT,
5,"Miami, FL","4,919,036","1,116.0","4,407.0",1000 & Over,Miami-Dade Transit(MDT),4034,City,
5,"Miami, FL","4,919,036","1,116.0","4,407.0",250-499,Broward County Transportation Department(BCT),4029,City,
5,"Miami, FL","4,919,036","1,116.0","4,407.0",250-499,"Board of County Commissioners, Palm Beach County, PalmTran, Inc.(PalmTran)",4037,Agency,
5,"Miami, FL","4,919,036","1,116.0","4,407.0",100-249,"Miami Lakes - VPSI, Inc.",4152,Contractor,
5,"Miami, FL","4,919,036","1,116.0","4,407.0",50-99,South Florida Regional Transportation Authority(TRI-Rail),4077,Agency,
5,"Miami, FL","4,919,036","1,116.0","4,407.0",50-99,Broward County Community Bus Service(BCT),4179,City,
6,"Dallas-Fort Worth-Arlington, TX","4,145,659","1,407.0","2,946.0",1000 & Over,Dallas Area Rapid Transit(DART),6056,Agency,
6,"Dallas-Fort Worth-Arlington, TX","4,145,659","1,407.0","2,946.0",100-249,Fort Worth Transportation Authority(The T),6007,Agency,
6,"Dallas-Fort Worth-Arlington, TX","4,145,659","1,407.0","2,946.0",100-249,"Dallas - VPSI, Inc.",6084,Contractor,
6,"Dallas-Fort Worth-Arlington, TX","4,145,659","1,407.0","2,946.0",25-49,Kaufman Area Rural Transportation,6114,Non-Profit,
6,"Dallas-Fort Worth-Arlington, TX","4,145,659","1,407.0","2,946.0",under 25,Handitran Special Transit Division - City of Arlington(Handitran),6041,City,
6,"Dallas-Fort Worth-Arlington, TX","4,145,659","1,407.0","2,946.0",under 25,City of Grand Prairie Transportation Services Department(Grand Connection),6068,City,
6,"Dallas-Fort Worth-Arlington, TX","4,145,659","1,407.0","2,946.0",under 25,City of Mesquite(MTED),6070,City,
7,"Boston, MA-NH-RI","4,032,484","1,736.0","2,323.0",1000 & Over,Massachusetts Bay Transportation Authority(MBTA),1003,Agency,
7,"Boston, MA-NH-RI","4,032,484","1,736.0","2,323.0",50-99, Brockton Area Transit Authority(BAT),1004,Agency,
7,"Boston, MA-NH-RI","4,032,484","1,736.0","2,323.0",50-99,Lowell Regional Transit Authority(LRTA),1005,Agency,
7,"Boston, MA-NH-RI","4,032,484","1,736.0","2,323.0",50-99,Merrimack Valley Regional Transit Authority(MVRTA),1013,Agency,
7,"Boston, MA-NH-RI","4,032,484","1,736.0","2,323.0",25-49,MetroWest Regional Transit Authority(MWRTA),1118,Agency,
7,"Boston, MA-NH-RI","4,032,484","1,736.0","2,323.0",under 25,Cape Ann Transportation Authority(CATA),1053,Agency,
7,"Boston, MA-NH-RI","4,032,484","1,736.0","2,323.0",under 25,Northern New England Passenger Rail Authority(NNEPRA),1115,Agency,
7,"Boston, MA-NH-RI","4,032,484","1,736.0","2,323.0",under 25,Greater Derry Salem Cooperative Alliance for Regional Transportation(CART),1123,Agency,
8,"Washington, DC-VA-MD","3,933,920","1,157.0","3,401.0",1000 & Over,Washington Metropolitan Area Transit Authority(WMATA),3030,Agency,
8,"Washington, DC-VA-MD","3,933,920","1,157.0","3,401.0",250-499,Ride-On Montgomery County Transit,3051,City,
8,"Washington, DC-VA-MD","3,933,920","1,157.0","3,401.0",100-249,Fairfax Connector Bus System(Fairfax Connector),3068,City,
8,"Washington, DC-VA-MD","3,933,920","1,157.0","3,401.0",100-249,Potomac and Rappahannock Transportation Commission(PRTC),3070,Agency,
8,"Washington, DC-VA-MD","3,933,920","1,157.0","3,401.0",100-249,Prince George's County Transit(TheBus),3085,City,
8,"Washington, DC-VA-MD","3,933,920","1,157.0","3,401.0",50-99,City of Alexandria (DASH),3071,City,
8,"Washington, DC-VA-MD","3,933,920","1,157.0","3,401.0",50-99,Virginia Railway Express(VRE),3073,Other  ,
8,"Washington, DC-VA-MD","3,933,920","1,157.0","3,401.0",50-99,Arlington Transit - Arlington County(ART),3080,City,
8,"Washington, DC-VA-MD","3,933,920","1,157.0","3,401.0",25-49,Howard Transit(HT),3048,Contractor,
8,"Washington, DC-VA-MD","3,933,920","1,157.0","3,401.0",25-49,Loudoun County Commuter Bus Service - Office of Transportation Services(LC Transit),3081,City,
8,"Washington, DC-VA-MD","3,933,920","1,157.0","3,401.0",under 25,City of Fairfax CUE Bus(CUE),3058,City,
8,"Washington, DC-VA-MD","3,933,920","1,157.0","3,401.0",under 25,"Martz Group, National Coach Works of Virginia(NCW)",3103,For-Profit,
9,"Detroit, MI","3,903,377","1,262.0","3,094.0",250-499,Suburban Mobility Authority for Regional Transportation(SMART),5031,Agency,
9,"Detroit, MI","3,903,377","1,262.0","3,094.0",250-499,City of Detroit Department of Transportation(DDOT),5119,City,
9,"Detroit, MI","3,903,377","1,262.0","3,094.0",250-499,Michigan Department of Transportation(MDOT),5189,State DOT,
9,"Detroit, MI","3,903,377","1,262.0","3,094.0",under 25,Detroit Transportation Corporation(Detroit People Mover),5141,Other Public,
10,"Houston, TX","3,822,509","1,295.0","2,951.0",1000 & Over,"Metropolitan Transit Authority of Harris County, Texas(Metro)",6008,Agency,
10,"Houston, TX","3,822,509","1,295.0","2,951.0",50-99,"Harris County Community Services Department, Office of Transit Services(Harris County Transit)",6108,City,
10,"Houston, TX","3,822,509","1,295.0","2,951.0",25-49,Fort Bend County Public Transportation(Fort Bend Transit),6103,City,
11,"Atlanta, GA","3,499,840","1,963.0","1,783.0",500-999,Metropolitan Atlanta Rapid Transit Authority(MARTA),4022,Agency,
11,"Atlanta, GA","3,499,840","1,963.0","1,783.0",250-499,"Marietta - VPSI, Inc.",4153,Contractor,
11,"Atlanta, GA","3,499,840","1,963.0","1,783.0",100-249,Cobb County Department of Transportation Authority(CCT),4078,City,
11,"Atlanta, GA","3,499,840","1,963.0","1,783.0",100-249,Georgia Regional Transportation Authority(GRTA),4135,State DOT,
11,"Atlanta, GA","3,499,840","1,963.0","1,783.0",50-99,Douglas County Rideshare(Rideshare),4082,City,
11,"Atlanta, GA","3,499,840","1,963.0","1,783.0",50-99,Gwinnett County Board of Commissioners(GCT),4138,City,
11,"Atlanta, GA","3,499,840","1,963.0","1,783.0",25-49,Clayton County Board of Commissioners(CTRAN),4157,City,
11,"Atlanta, GA","3,499,840","1,963.0","1,783.0",under 25,Cherokee County Board of Commissioners(CATS),4161,City,
11,"Atlanta, GA","3,499,840","1,963.0","1,783.0",under 25,Buckhead Community Improvement District(BCID),4177,Other Public,
11,"Atlanta, GA","3,499,840","1,963.0","1,783.0",under 25,Henry County Transit(HC),4181,City,
12,"San Francisco-Oakland, CA","3,228,605",527.0,"6,130.0",1000 & Over,San Francisco Municipal Railway(MUNI),9015,City,
12,"San Francisco-Oakland, CA","3,228,605",527.0,"6,130.0",500-999,San Francisco Bay Area Rapid Transit District(BART),9003,Agency,
12,"San Francisco-Oakland, CA","3,228,605",527.0,"6,130.0",500-999, Alameda-Contra Costa Transit District(AC Transit),9014,Agency,
12,"San Francisco-Oakland, CA","3,228,605",527.0,"6,130.0",250-499,San Mateo County Transit District(SamTrans),9009,Agency,
12,"San Francisco-Oakland, CA","3,228,605",527.0,"6,130.0",100-249,"Golden Gate Bridge, Highway and Transportation District(GGBHTD)",9016,Agency,
12,"San Francisco-Oakland, CA","3,228,605",527.0,"6,130.0",100-249,Peninsula Corridor Joint Powers Board(PCJPB),9134,Agency,
12,"San Francisco-Oakland, CA","3,228,605",527.0,"6,130.0",25-49,Western Contra Costa Transit Authority(WestCAT),9159,Agency,
12,"San Francisco-Oakland, CA","3,228,605",527.0,"6,130.0",under 25,City of Alameda Ferry Services,9150,City,
12,"San Francisco-Oakland, CA","3,228,605",527.0,"6,130.0",under 25,City of Union City Transit Division(UCT),9161,City,
13,"Phoenix-Mesa, AZ","2,907,049",799.0,"3,638.0",500-999,City of Phoenix Public Transit Department dba Valley Metro(Valley Metro),9032,City,
13,"Phoenix-Mesa, AZ","2,907,049",799.0,"3,638.0",250-499,"Phoenix - VPSI, Inc.",9169,Contractor,
13,"Phoenix-Mesa, AZ","2,907,049",799.0,"3,638.0",100-249,"Regional Public Transportation Authority, dba: Valley Metro(RPTA)",9136,Agency,
13,"Phoenix-Mesa, AZ","2,907,049",799.0,"3,638.0",100-249,City of Tempe Transit Division - dba Valley Metro(TIM - Tempe in Motion),9172,City,
13,"Phoenix-Mesa, AZ","2,907,049",799.0,"3,638.0",25-49,"Valley Metro Rail, Inc.(VMR)",9209,Agency,
13,"Phoenix-Mesa, AZ","2,907,049",799.0,"3,638.0",under 25,City of Glendale Transit,9034,City,
13,"Phoenix-Mesa, AZ","2,907,049",799.0,"3,638.0",under 25,City of Scottsdale - Scottsdale Trolley(COS),9131,City,
13,"Phoenix-Mesa, AZ","2,907,049",799.0,"3,638.0",under 25,"Sun Cities Area Transit System, Inc.(SCAT)",9135,Non-Profit,
13,"Phoenix-Mesa, AZ","2,907,049",799.0,"3,638.0",under 25,Surprise Dial-A-Ride Transit System,9137,City,
13,"Phoenix-Mesa, AZ","2,907,049",799.0,"3,638.0",under 25,Peoria Transit,9140,City,
14,"Seattle, WA","2,712,205",954.0,"2,844.0",1000 & Over,King County Department of Transportation - Metro Transit Division(King County Metro),0001,City,
14,"Seattle, WA","2,712,205",954.0,"2,844.0",500-999,Pierce County Transportation Benefit Area Authority(Pierce Transit),0003,Agency,
14,"Seattle, WA","2,712,205",954.0,"2,844.0",500-999,Snohomish County Public Transportation Benefit Area Corporation(Community Transit),0029,Agency,
14,"Seattle, WA","2,712,205",954.0,"2,844.0",250-499,Central Puget Sound Regional Transit Authority(ST),0040,Agency,
14,"Seattle, WA","2,712,205",954.0,"2,844.0",50-99,Everett Transit(ET),0005,City,
14,"Seattle, WA","2,712,205",954.0,"2,844.0",under 25,City of Seattle - Seattle Center Monorail Transit(SMS),0023,City,
14,"Seattle, WA","2,712,205",954.0,"2,844.0",under 25,Pierce County Ferry Operations(Pierce County Ferry),0028,City,
14,"Seattle, WA","2,712,205",954.0,"2,844.0",under 25,Washington State Ferries(WSF),0035,State DOT,
14,"Seattle, WA","2,712,205",954.0,"2,844.0",under 25,King County Ferry District(KCFD),0054,Agency,
15,"San Diego, CA","2,674,436",782.0,"3,419.0",500-999,San Diego Metropolitan Transit System(MTS),9026,Agency,
15,"San Diego, CA","2,674,436",782.0,"3,419.0",500-999,San Diego Association of Governments(SANDAG),9095,MPO,
15,"San Diego, CA","2,674,436",782.0,"3,419.0",100-249,North County Transit District(NCTD),9030,Agency,
15,"San Diego, CA","2,674,436",782.0,"3,419.0",25-49,Chula Vista Transit(CVT),9193,City,
16,"Minneapolis-St. Paul, MN","2,388,593",894.0,"2,671.0",500-999,Metro Transit,5027,Other  ,
16,"Minneapolis-St. Paul, MN","2,388,593",894.0,"2,671.0",500-999,Metropolitan Council,5154,Consolidated,
16,"Minneapolis-St. Paul, MN","2,388,593",894.0,"2,671.0",250-499,Metro Mobility,5155,Subsidiary,
17,"St. Louis, MO-IL","2,077,662",829.0,"2,506.0",250-499,Bi-State Development Agency(METRO),7006,Agency,
17,"St. Louis, MO-IL","2,077,662",829.0,"2,506.0",100-249,Madison County Transit District(MCT),5146,Agency,
18,"Baltimore, MD","2,076,354",683.0,"3,041.0",1000 & Over,Maryland Transit Administration(MTA),3034,State DOT,
18,"Baltimore, MD","2,076,354",683.0,"3,041.0",under 25,Annapolis Department of Transportation(Annapolis Transit),3040,City,
19,"Tampa-St. Petersburg, FL","2,062,339",802.0,"2,571.0",250-499,Pinellas Suncoast Transit Authority(PSTA),4027,Agency,
19,"Tampa-St. Petersburg, FL","2,062,339",802.0,"2,571.0",100-249,Hillsborough Area Regional Transit Authority(HART),4041,Agency,
19,"Tampa-St. Petersburg, FL","2,062,339",802.0,"2,571.0",50-99,Pasco County Public Transportation(PCPT),4074,City,
20,"Denver-Aurora, CO","1,984,889",499.0,"3,979.0",1000 & Over,Denver Regional Transportation District(RTD),8006,Agency,
20,"Denver-Aurora, CO","1,984,889",499.0,"3,979.0",50-99,Denver Regional Council of Governments(DRCOG),8108,MPO,
21,"Cleveland, OH","1,786,647",647.0,"2,761.0",500-999,The Greater Cleveland Regional Transit Authority(GCRTA),5015,Agency,
21,"Cleveland, OH","1,786,647",647.0,"2,761.0",50-99,Laketran,5117,Agency,
21,"Cleveland, OH","1,786,647",647.0,"2,761.0",under 25,Brunswick Transit Alternative(BTA),5143,City,
22,"Pittsburgh, PA","1,753,136",852.0,"2,057.0",1000 & Over,Port Authority of Allegheny County(Port Authority),3022,Agency,
22,"Pittsburgh, PA","1,753,136",852.0,"2,057.0",50-99,Westmoreland County Transit Authority(WCTA),3044,City,
22,"Pittsburgh, PA","1,753,136",852.0,"2,057.0",25-49,Beaver County Transit Authority(BCTA),3023,Agency,
22,"Pittsburgh, PA","1,753,136",852.0,"2,057.0",25-49,Southwestern Pennsylvania Commission(SPC),3078,MPO,
22,"Pittsburgh, PA","1,753,136",852.0,"2,057.0",under 25,City of Washington(WCT),3101,City,
23,"Portland, OR-WA","1,583,138",474.0,"3,340.0",500-999,Tri-County Metropolitan Transportation District of Oregon(TriMet),0008,Agency,
23,"Portland, OR-WA","1,583,138",474.0,"3,340.0",100-249,Clark County Public Transportation Benefit Area Authority(C-Tran),0024,Agency,
23,"Portland, OR-WA","1,583,138",474.0,"3,340.0",under 25,South Metro Area Regional Transit(SMART),0046,City,
23,"Portland, OR-WA","1,583,138",474.0,"3,340.0",under 25,Metro(Metro),0052,MPO,
24,"San Jose, CA","1,538,312",260.0,"5,914.0",500-999,Santa Clara Valley Transportation Authority(VTA),9013,Agency,
25,"Riverside-San Bernardino, CA","1,506,816",439.0,"3,434.0",100-249,Omnitrans(OMNI),9029,Agency,
25,"Riverside-San Bernardino, CA","1,506,816",439.0,"3,434.0",100-249,Riverside Transit Agency(RTA),9031,Agency,
25,"Riverside-San Bernardino, CA","1,506,816",439.0,"3,434.0",under 25,City of Corona(CCTS),9052,City,
25,"Riverside-San Bernardino, CA","1,506,816",439.0,"3,434.0",under 25,City of Riverside Special Transportation(City of Riverside),9086,City,
26,"Cincinnati, OH-KY-IN","1,503,262",672.0,"2,238.0",250-499,Southwest Ohio Regional Transit Authority(SORTA / Metro),5012,City,
26,"Cincinnati, OH-KY-IN","1,503,262",672.0,"2,238.0",100-249,Transit Authority of Northern Kentucky(TANK),4019,Agency,
26,"Cincinnati, OH-KY-IN","1,503,262",672.0,"2,238.0",25-49,Clermont Transportation Connection(CTC),5166,City,
26,"Cincinnati, OH-KY-IN","1,503,262",672.0,"2,238.0",under 25,Butler County Regional Transit Authority(BCRTA),5157,Agency,
27,"Virginia Beach, VA","1,394,439",527.0,"2,647.0",250-499,"Transportation District Commission of Hampton Roads, dba: Hampton Roads Transit(HRT)",3083,Agency,
27,"Virginia Beach, VA","1,394,439",527.0,"2,647.0",25-49,Williamsburg Area Transit Authority(WATA),3076,Agency,
28,"Sacramento, CA","1,393,498",369.0,"3,776.0",250-499,Sacramento Regional Transit District(Sacramento RT),9019,Agency,
28,"Sacramento, CA","1,393,498",369.0,"3,776.0",50-99,City of Elk Grove(etran),9205,City,
28,"Sacramento, CA","1,393,498",369.0,"3,776.0",25-49,Yolo County Transportation District(YCTD),9090,Agency,
28,"Sacramento, CA","1,393,498",369.0,"3,776.0",25-49,Placer County Department of Public Works(PCDPW),9196,City,
28,"Sacramento, CA","1,393,498",369.0,"3,776.0",under 25,Roseville Transit,9168,City,
28,"Sacramento, CA","1,393,498",369.0,"3,776.0",under 25,City of Folsom,9220,City,
29,"Kansas City, MO-KS","1,361,744",584.0,"2,330.0",250-499,Kansas City Area Transportation Authority(KCATA),7005,Agency,
29,"Kansas City, MO-KS","1,361,744",584.0,"2,330.0",50-99,"Johnson County Kansas, aka: Johnson County Transit(The JO)",7035,City,
29,"Kansas City, MO-KS","1,361,744",584.0,"2,330.0",under 25,City of Liberty(Liberty Access),7037,City,
29,"Kansas City, MO-KS","1,361,744",584.0,"2,330.0",under 25,City of Olathe( ),7038,City,
29,"Kansas City, MO-KS","1,361,744",584.0,"2,330.0",under 25,City of Independence Dial-A-Ride Program(None),7046,City,
29,"Kansas City, MO-KS","1,361,744",584.0,"2,330.0",under 25,Unified Government Transit Department,7047,City,
30,"San Antonio, TX","1,327,554",408.0,"3,257.0",500-999,VIA Metropolitan Transit(VIA),6011,Agency,
31,"Las Vegas, NV","1,314,357",286.0,"4,597.0",500-999,Regional Transportation Commission of Southern Nevada(RTC),9045,MPO,
32,"Milwaukee, WI","1,308,913",487.0,"2,688.0",500-999,Milwaukee County Transit System(MCTS),5008,City,
32,"Milwaukee, WI","1,308,913",487.0,"2,688.0",25-49,City of Waukesha Transit Commission(Waukesha Metro Transit),5096,City,
32,"Milwaukee, WI","1,308,913",487.0,"2,688.0",25-49,Washington County Transit,5160,City,
32,"Milwaukee, WI","1,308,913",487.0,"2,688.0",25-49,Ozaukee County Transit Services(OCTS),5161,City,
33,"Indianapolis, IN","1,218,919",553.0,"2,205.0",100-249,Indianapolis and Marion County Public Transportation(IndyGo),5050,Agency,
34,"Providence, RI-MA","1,174,548",504.0,"2,332.0",250-499,Rhode Island Public Transit Authority(RIPTA),1001,Agency,
34,"Providence, RI-MA","1,174,548",504.0,"2,332.0",50-99,Greater Attleboro-Taunton Regional Transit Authority(GATRA),1064,Agency,
35,"Orlando, FL","1,157,431",453.0,"2,554.0",250-499,Central Florida Regional Transportation Authority(LYNX),4035,Agency,
36,"Columbus, OH","1,133,193",398.0,"2,849.0",250-499,Central Ohio Transit Authority(COTA),5016,Agency,
37,"New Orleans, LA","1,009,283",198.0,"5,102.0",100-249,New Orleans Regional Transit Authority(NORTA),6032,Agency,
37,"New Orleans, LA","1,009,283",198.0,"5,102.0",25-49,Jefferson Parish Department of Transit Administration(Jet),6088,City,
37,"New Orleans, LA","1,009,283",198.0,"5,102.0",under 25,Crescent City Connection Division - Louisiana Department of Transportation(CCCD),6020,State DOT,
37,"New Orleans, LA","1,009,283",198.0,"5,102.0",under 25,St. Bernard Urban Rapid Transit(SBURT),6058,City,
37,"New Orleans, LA","1,009,283",198.0,"5,102.0",under 25,River Parishes Transit Authority(RPTA),6112,Agency,
38,"Buffalo, NY","976,703",367.0,"2,664.0",250-499,Niagara Frontier Transportation Authority(NFT Metro),2004,Agency,
39,"Memphis, TN-MS-AR","972,091",400.0,"2,431.0",100-249,Memphis Area Transit Authority(MATA),4003,City,
40,"Austin, TX","901,920",318.0,"2,835.0",1000 & Over,Capital Metropolitan Transportation Authority(CMTA),6048,Agency,
41,"Bridgeport-Stamford, CT-NY","888,890",465.0,"1,910.0",50-99,Greater Bridgeport Transit Authority(GBT),1050,Agency,
41,"Bridgeport-Stamford, CT-NY","888,890",465.0,"1,910.0",50-99,Norwalk Transit District,1057,Agency,
41,"Bridgeport-Stamford, CT-NY","888,890",465.0,"1,910.0",25-49,Connecticut Transit - Stamford Division(CTTransit),1056,State DOT,
41,"Bridgeport-Stamford, CT-NY","888,890",465.0,"1,910.0",25-49,"2Plus Partners in Transportation, Inc(2Plus)",1110,Non-Profit,
41,"Bridgeport-Stamford, CT-NY","888,890",465.0,"1,910.0",under 25,Valley Transit District(VTD),1042,Agency,
41,"Bridgeport-Stamford, CT-NY","888,890",465.0,"1,910.0",under 25,Milford Transit District(MTD),1107,Agency,
42,"Salt Lake City, UT","887,650",231.0,"3,847.0",1000 & Over,Utah Transit Authority(UTA),8001,Agency,
43,"Jacksonville, FL","882,295",411.0,"2,149.0",100-249,Jacksonville Transportation Authority(JTA),4040,Agency,
44,"Louisville, KY-IN","863,582",391.0,"2,207.0",250-499,Transit Authority of River City(TARC),4018,Agency,
45,"Hartford, CT","851,535",469.0,"1,814.0",250-499,Greater Hartford Ridesharing Corporation - The Rideshare Company(GHRC),1108,Agency,
45,"Hartford, CT","851,535",469.0,"1,814.0",100-249,Greater Hartford Transit District(GHTD),1017,Agency,
45,"Hartford, CT","851,535",469.0,"1,814.0",100-249,Connecticut Transit - Hartford Division(CTTransit),1048,State DOT,
45,"Hartford, CT","851,535",469.0,"1,814.0",25-49,Connecticut Department of Transportation(CDOT),1102,State DOT,
45,"Hartford, CT","851,535",469.0,"1,814.0",under 25,"Dattco, Inc.",1045,For-Profit,
45,"Hartford, CT","851,535",469.0,"1,814.0",under 25,"New Britain Transportation Company, Inc.",1047,Contractor,
45,"Hartford, CT","851,535",469.0,"1,814.0",under 25,Middletown Transit District(MTD),1063,Agency,
46,"Richmond, VA","818,836",437.0,"1,875.0",250-499,Greater Richmond Transit Company(GRTC Transit System),3006,Agency,
46,"Richmond, VA","818,836",437.0,"1,875.0",under 25,Petersburg Area Transit(PAT),3009,City,
47,"Charlotte, NC-SC","758,927",435.0,"1,745.0",250-499,Charlotte Area Transit System(CATS),4008,City,
47,"Charlotte, NC-SC","758,927",435.0,"1,745.0",under 25,City of Concord(RIDER Transit System),4167,City,
48,"Nashville-Davidson, TN","749,935",431.0,"1,741.0",100-249,Metropolitan Transit Authority(MTA),4004,Agency,
48,"Nashville-Davidson, TN","749,935",431.0,"1,741.0",50-99,Regional Transportation Authority(RTA),4159,Agency,
48,"Nashville-Davidson, TN","749,935",431.0,"1,741.0",under 25,Franklin Transit Authority(FTA),4162,City,
48,"Nashville-Davidson, TN","749,935",431.0,"1,741.0",under 25,The Transportation Management Association Group(TMA),4178,Non-Profit,
49,"Oklahoma City, OK","747,003",322.0,"2,317.0",50-99,Central Oklahoma Transportation and Parking Authority(COTPA),6017,City,
49,"Oklahoma City, OK","747,003",322.0,"2,317.0",under 25,City of Edmond,6118,City,
50,"Tucson, AZ","720,425",291.0,"2,473.0",250-499,City of Tucson(COT),9033,City,
50,"Tucson, AZ","720,425",291.0,"2,473.0",under 25,Town of Oro Valley - Transit Services Division(Coyote Run),9191,Agency,
50,"Tucson, AZ","720,425",291.0,"2,473.0",under 25,Pima Association of Governments(PAG),9222,MPO,
51,"Honolulu, HI","718,182",154.0,"4,660.0",500-999,City and County of Honolulu Department of Transportation Services(DTS),9002,City,
51,"Honolulu, HI","718,182",154.0,"4,660.0",250-499,"Honolulu - VPSI, Inc.",9176,Contractor,
52,"Dayton, OH","703,444",324.0,"2,174.0",100-249,Greater Dayton Regional Transit Authority(GDRTA),5017,Agency,
52,"Dayton, OH","703,444",324.0,"2,174.0",25-49,Greene County Transit Board(Greene CATS),5165,City,
52,"Dayton, OH","703,444",324.0,"2,174.0",under 25,Miami County Public Transit(MCPT),5169,City,
53,"Rochester, NY","694,396",295.0,"2,353.0",100-249,"Regional Transit Service, Inc. and Lift Line, Inc.(R-GRTA)",2113,Agency,
54,"El Paso, TX-NM","674,801",219.0,"3,080.0",100-249,Mass Transit Department - City of El Paso(Sun Metro),6006,City,
55,"Birmingham, AL","663,615",392.0,"1,693.0",50-99,Birmingham-Jefferson County Transit Authority(MAX),4042,Agency,
55,"Birmingham, AL","663,615",392.0,"1,693.0",25-49,Regional Planning Commission of Greater Birmingham(RPCGB),4169,MPO,
56,"Omaha, NE-IA","626,623",226.0,"2,768.0",100-249,Transit Authority of Omaha(MAT),7002,Agency,
57,"Albuquerque, NM","598,191",224.0,"2,671.0",100-249,City of Albuquerque Transit Department(ABQ Ride),6019,City,
57,"Albuquerque, NM","598,191",224.0,"2,671.0",25-49,Rio Metro Regional Transit District(RMRTD),6111,Agency,
58,"Allentown-Bethlehem, PA-NJ","576,408",290.0,"1,991.0",100-249,Lehigh and Northampton Transportation Authority(LANTA),3010,Agency,
59,"Springfield, MA-CT","573,610",309.0,"1,857.0",100-249,Pioneer Valley Transit Authority(PVTA),1008,Agency,
60,"Akron, OH","570,215",308.0,"1,853.0",100-249,METRO Regional Transit Authority(METRO),5010,Agency,
60,"Akron, OH","570,215",308.0,"1,853.0",50-99,Portage Area Regional Transportation Authority(PARTA),5021,Agency,
61,"Sarasota-Bradenton, FL","559,229",270.0,"2,068.0",100-249,Sarasota County Area Transit(SCAT),4046,City,
61,"Sarasota-Bradenton, FL","559,229",270.0,"2,068.0",25-49,Manatee County Area Transit(MCAT),4026,City,
62,"Albany, NY","558,947",284.0,"1,966.0",250-499,Capital District Transportation Authority(CDTA),2002,Agency,
63,"Tulsa, OK","558,329",261.0,"2,136.0",50-99,Metropolitan Tulsa Transit Authority(MTTA),6018,Agency,
64,"Fresno, CA","554,923",139.0,"4,003.0",100-249,Fresno Area Express(FAX),9027,City,
65,"Concord, CA","552,624",176.0,"3,132.0",100-249,Central Contra Costa Transit Authority(County Connection),9078,Agency,
65,"Concord, CA","552,624",176.0,"3,132.0",50-99,Livermore / Amador Valley Transit Authority(LAVTA),9144,Agency,
66,"Raleigh, NC","541,527",320.0,"1,694.0",250-499,Capital Area Transit(CAT),4007,City,
66,"Raleigh, NC","541,527",320.0,"1,694.0",25-49,Town of Cary(CTRAN),4143,City,
66,"Raleigh, NC","541,527",320.0,"1,694.0",under 25,North Carolina State University Transportation Department(NCSU),4147,University,
67,"Grand Rapids, MI","539,080",257.0,"2,095.0",250-499,Interurban Transit Partnership(The Rapid),5033,Agency,
69,"New Haven, CT","531,314",285.0,"1,862.0",50-99,The Greater New Haven Transit District(GNHTD),1049,Agency,
69,"New Haven, CT","531,314",285.0,"1,862.0",50-99,Connecticut Transit - New Haven Division(CTTRANSIT),1055,State DOT,
70,"McAllen, TX","523,144",314.0,"1,667.0",under 25,Lower Rio Grande Valley Development Council(LRGVDC),6090,Agency,
70,"McAllen, TX","523,144",314.0,"1,667.0",under 25,City of McAllen - McAllen Express Transit(MET),6099,City,
71,"Toledo, OH-MI","503,008",202.0,"2,486.0",100-249,Toledo Area Regional Transit Authority(TARTA),5022,State DOT,
72,"Baton Rouge, LA","479,019",281.0,"1,707.0",50-99,Capital Area Transit System(CATS),6022,Agency,
73,"Colorado Springs, CO","466,122",197.0,"2,362.0",100-249,Mountain Metropolitan Transit(MMT),8005,City,
74,"Worcester, MA-CT","429,882",250.0,"1,717.0",50-99,Worcester Regional Transit Authority(WRTA),1014,Agency,
75,"Charleston-North Charleston, SC","423,410",231.0,"1,833.0",50-99,Charleston Area Regional Transportation Authority(CARTA),4110,Agency,
76,"Wichita, KS","422,301",179.0,"2,353.0",100-249,Wichita Transit(WT),7015,City,
77,"Columbia, SC","420,537",269.0,"1,564.0",50-99,Central Midlands Regional Transit Authority(CMRTA),4141,Agency,
78,"Knoxville, TN","419,830",339.0,"1,237.0",50-99,Knoxville Area Transit(KAT),4002,City,
78,"Knoxville, TN","419,830",339.0,"1,237.0",25-49,Knoxville-Knox County Community Action Committee(Knox County CAC Transit),4171,Agency,
80,"Youngstown, OH-PA","417,437",228.0,"1,829.0",50-99,Western Reserve Transit Authority(WRTA),5024,Agency,
80,"Youngstown, OH-PA","417,437",228.0,"1,829.0",25-49,Shenango Valley Shuttle Service(SVSS),3055,City,
80,"Youngstown, OH-PA","417,437",228.0,"1,829.0",under 25,Niles Trumbull Transit(NiTTS),5175,City,
81,"Syracuse, NY","402,267",180.0,"2,239.0",100-249,"CNY Centro, Inc. (CNY Centro )",2018,Subsidiary,
81,"Syracuse, NY","402,267",180.0,"2,239.0",under 25,"Centro of Cayuga, Inc.(Centro of Cayuga)",2116,Subsidiary,
81,"Syracuse, NY","402,267",180.0,"2,239.0",under 25,"Centro of Oswego, Inc.(Centro of Oswego)",2172,Subsidiary,
82,"Bakersfield, CA","396,125",110.0,"3,591.0",50-99,Golden Empire Transit District(GET),9004,Agency,
83,"Palm Bay-Melbourne, FL","393,289",220.0,"1,790.0",100-249,Space Coast Area Transit(SCAT),4063,City,
84,"Scranton, PA","385,237",159.0,"2,427.0",25-49,Luzerne County Transportation Authority(LCTA),3015,Agency,
84,"Scranton, PA","385,237",159.0,"2,427.0",25-49,County of Lackawanna Transit System(COLTS),3025,Agency,
85,"Des Moines, IA","370,505",140.0,"2,640.0",100-249,Des Moines Area Regional Transit Authority(DART),7010,Agency,
86,"Flint, MI","365,096",231.0,"1,580.0",100-249,Mass Transportation Authority(MTA),5032,Agency,
87,"Harrisburg, PA","362,782",208.0,"1,741.0",100-249,Capital Area Transit(CAT),3014,Agency,
88,"Little Rock, AR","360,331",206.0,"1,753.0",50-99,Central Arkansas Transit Authority(CATA),6033,Agency,
89,"Poughkeepsie-Newburgh, NY","351,982",265.0,"1,328.0",25-49,Dutchess County Division of Mass Transportation(Loop Bus),2010,Contractor,
89,"Poughkeepsie-Newburgh, NY","351,982",265.0,"1,328.0",under 25,City of Poughkeepsie,2009,City,
89,"Poughkeepsie-Newburgh, NY","351,982",265.0,"1,328.0",under 25,Monroe Bus Corporation,2137,For-Profit,
89,"Poughkeepsie-Newburgh, NY","351,982",265.0,"1,328.0",under 25,New Windsor - Cornwall Dial-A-Bus,2142,City,
89,"Poughkeepsie-Newburgh, NY","351,982",265.0,"1,328.0",under 25,Town of Newburgh,2143,Agency,
89,"Poughkeepsie-Newburgh, NY","351,982",265.0,"1,328.0",under 25,Newburgh Beacon Bus Corporation(NBBC),2148,Contractor,
89,"Poughkeepsie-Newburgh, NY","351,982",265.0,"1,328.0",under 25,Ulster County Area Transit(UCAT),2178,City,
89,"Poughkeepsie-Newburgh, NY","351,982",265.0,"1,328.0",under 25,"Hendrick Hudson Bus Lines, Inc.(HHBL)",2179,Contractor,
89,"Poughkeepsie-Newburgh, NY","351,982",265.0,"1,328.0",under 25,Town of Highlands Dial-A-Bus,2182,Agency,
89,"Poughkeepsie-Newburgh, NY","351,982",265.0,"1,328.0",under 25,Town of Monroe Dial-A-Bus(Monroe DAB),2183,Agency,
89,"Poughkeepsie-Newburgh, NY","351,982",265.0,"1,328.0",under 25,Village of Kiryas Joel(KJ),2187,City,
90,"Chattanooga, TN-GA","343,509",290.0,"1,185.0",50-99,Chattanooga Area Regional Transportation Authority(CARTA),4001,Agency,
91,"Oxnard, CA","337,591",76.0,"4,460.0",50-99,Gold Coast Transit(GCT),9035,Agency,
91,"Oxnard, CA","337,591",76.0,"4,460.0",25-49,Ventura Intercity Service Transit Authority(VISTA),9164,Agency,
92,"Augusta-Richmond County, GA-SC","335,630",232.0,"1,448.0",under 25,Augusta Richmond County Transit Department(APT),4023,City,
92,"Augusta-Richmond County, GA-SC","335,630",232.0,"1,448.0",under 25,Lower Savannah COG(LSCOG),4156,MPO,
93,"Spokane, WA-ID","334,858",143.0,"2,341.0",250-499,Spokane Transit Authority(STA),0002,Agency,
94,"Cape Coral, FL","329,757",192.0,"1,719.0",50-99,Lee County Transit(LeeTran),4028,City,
95,"Madison, WI","329,533",114.0,"2,893.0",100-249,Metro Transit System(Metro),5005,City,
96,"Pensacola, FL-AL","323,783",219.0,"1,476.0",50-99,Escambia County Area Transit(ECAT),4038,City,
97,"Lancaster, PA","323,554",199.0,"1,622.0",50-99,Red Rose Transit Authority(RRTA),3018,Agency,
98,"Mobile, AL","317,605",211.0,"1,507.0",25-49,The Wave Transit System(WTS),4043,City,
99,"Stockton, CA","313,392",74.0,"4,218.0",100-249,San Joaquin Regional Transit District(RTD),9012,Agency,
99,"Stockton, CA","313,392",74.0,"4,218.0",under 25,Altamont Commuter Express(ACE),9182,Agency,
100,"Modesto, CA","310,945",86.0,"3,612.0",50-99,Modesto Area Express(MAX),9007,City,
101,"Reno, NV","303,689",119.0,"2,561.0",100-249,Regional Transportation Commission of Washoe County(RTC),9001,Agency,
103,"Greenville, SC","302,194",227.0,"1,334.0",under 25,Greenville Transit Authority(GTA),4053,Other  ,
104,"Lansing, MI","300,032",137.0,"2,192.0",100-249,Capital Area Transportation Authority(CATA),5036,Agency,
105,"Denton-Lewisville, TX","299,823",122.0,"2,466.0",50-99,Denton County Transportation Authority(DCTA),6101,Agency,
106,"Winston-Salem, NC","299,290",251.0,"1,191.0",50-99,Winston-Salem Transit Authority - Trans-Aid of Forsyth County(WSTA),4012,Agency,
107,"Corpus Christi, TX","293,925",110.0,"2,665.0",50-99,Corpus Christi Regional Transportation Authority(The B),6051,Agency,
108,"Jackson, MS","292,637",161.0,"1,819.0",25-49,City of Jackson Transit System (JATRAN),4015,City,
109,"Durham, NC","287,796",157.0,"1,836.0",100-249,Research Triangle Regional Public Transportation Authority(Triangle Transit),4108,Agency,
109,"Durham, NC","287,796",157.0,"1,836.0",50-99,Chapel Hill Transit(CHT),4051,City,
109,"Durham, NC","287,796",157.0,"1,836.0",50-99,Durham Area Transit Authority(DATA),4087,City,
110,"Fort Wayne, IN","287,759",135.0,"2,128.0",25-49,Fort Wayne Public Transportation Corporation(Citilink),5044,Agency,
111,"Santa Rosa, CA","285,408",102.0,"2,799.0",50-99,Sonoma County Transit,9089,City,
111,"Santa Rosa, CA","285,408",102.0,"2,799.0",25-49,City of Santa Rosa(Santa Rosa CityBus),9017,City,
112,"Ann Arbor, MI","283,904",129.0,"2,205.0",50-99,Ann Arbor Transportation Authority(AATA),5040,Agency,
112,"Ann Arbor, MI","283,904",129.0,"2,205.0",25-49,University of Michigan Parking and Transportation Services(UMTS),5158,University,
113,"South Bend, IN-MI","276,498",156.0,"1,775.0",50-99,South Bend Public Transportation Corporation(Transpo),5052,Agency,
113,"South Bend, IN-MI","276,498",156.0,"1,775.0",under 25,Niles Dial-A-Ride(DART),5038,City,
114,"Fayetteville, NC","276,368",167.0,"1,654.0",25-49,Fayetteville Area System of Transit(FAST),4009,City,
115,"Shreveport, LA","275,213",155.0,"1,779.0",25-49,Shreveport Area Transit System(SporTran),6024,City,
116,"Boise City, ID","272,625",109.0,"2,509.0",50-99,Valley Regional Transit(VRT),0011,Agency,
117,"Port St. Lucie, FL","270,774",169.0,"1,602.0",25-49,"Council on Aging of St. Lucie, Inc.(CT)",4097,Contractor,
117,"Port St. Lucie, FL","270,774",169.0,"1,602.0",under 25,"Council on Aging of Martin County, Inc.(COAMC \ CC - MCBOCC)",4113,Contractor,
118,"Davenport, IA-IL","270,626",124.0,"2,185.0",50-99,Rock Island County Metropolitan Mass Transit District(MetroLink),5057,Agency,
118,"Davenport, IA-IL","270,626",124.0,"2,185.0",under 25,Bettendorf Transit System(BT),7007,City,
118,"Davenport, IA-IL","270,626",124.0,"2,185.0",under 25,Davenport Public Transit(CITIBUS),7009,City,
119,"Rockford, IL","270,414",139.0,"1,944.0",25-49,Rockford Mass Transit District(RMTD),5058,Agency,
121,"Greensboro, NC","267,884",135.0,"1,978.0",50-99,Greensboro Transit Authority(GTA),4093,City,
121,"Greensboro, NC","267,884",135.0,"1,978.0",50-99,Piedmont Authority for Regional Transportation(PART),4173,Other  ,
121,"Greensboro, NC","267,884",135.0,"1,978.0",25-49,Guildford County Transportation(GCTAMS),4133,Agency,
122,"Canton, OH","266,595",143.0,"1,858.0",50-99,Stark Area Regional Transit Authority(SARTA),5011,Agency,
123,"Lancaster-Palmdale, CA","263,532",90.0,"2,915.0",50-99,Antelope Valley Transit Authority(AVTA),9121,Agency,
124,"Daytona Beach-Port Orange, FL","255,353",114.0,"2,249.0",100-249,"County of Volusia, dba: VOTRAN(Votran)",4032,City,
125,"Indio-Cathedral City-Palm Springs, CA","254,856",99.0,"2,585.0",50-99,SunLine Transit Agency(SunLine),9079,Agency,
126,"Lexington-Fayette, KY","250,994",70.0,"3,609.0",50-99,Lexington Transit Authority(LexTran),4017,Agency,
127,"Peoria, IL","247,172",123.0,"2,007.0",50-99,Greater Peoria Mass Transit District(CityLink),5056,Agency,
128,"Barnstable Town, MA","243,667",286.0,852.0,50-99,Cape Cod Regional Transit Authority(CCRTA),1105,Agency,
129,"Columbus, GA-AL","242,324",136.0,"1,780.0",under 25,Metra Transit System(Metra),4024,City,
129,"Columbus, GA-AL","242,324",136.0,"1,780.0",under 25,Phenix City Express(PEX),4089,MPO,
130,"Reading, PA","240,264",101.0,"2,387.0",50-99,Berks Area Reading Transportation Authority(BARTA),3024,Agency,
132,"Atlantic City, NJ","227,180",121.0,"1,880.0",25-49,County of Atlantic(ACTU),2199,City,
134,"Lincoln, NE","226,582",78.0,"2,901.0",50-99,StarTran,7001,City,
135,"Anchorage, AK","225,744",79.0,"2,863.0",50-99,Municipality of Anchorage - Public Transportation Department(People Mover),0012,City,
135,"Anchorage, AK","225,744",79.0,"2,863.0",50-99,"VPSI, Anchorage",0049,Contractor,
135,"Anchorage, AK","225,744",79.0,"2,863.0",25-49,Alaska Railroad Corporation(ARRC),0041,Agency,
136,"Eugene, OR","224,049",68.0,"3,271.0",250-499,Lane Transit District(LTD),0007,Agency,
137,"Asheville, NC","221,570",207.0,"1,072.0",under 25,Asheville Transit System(ATS),4005,City,
138,"Bonita Springs-Naples, FL","221,251",150.0,"1,473.0",25-49,Collier Area Transit(CAT),4140,Agency,
139,"Antioch, CA","217,591",60.0,"3,610.0",50-99,The Eastern Contra Costa Transit Authority(Tri Delta Transit),9162,Other  ,
140,"Springfield, MO","215,004",114.0,"1,894.0",under 25,City Utilities of Springfield (The Bus),7003,City,
141,"Huntsville, AL","213,253",157.0,"1,357.0",25-49,"City of Huntsville, Alabama - Public Transportation Division",4071,City,
142,"Evansville, IN-KY","211,989",106.0,"2,005.0",25-49,Metropolitan Evansville Transit System(METS),5043,City,
142,"Evansville, IN-KY","211,989",106.0,"2,005.0",under 25,Henderson Area Rapid Transit(HART),5107,City,
143,"Thousand Oaks, CA","210,990",86.0,"2,449.0",under 25,Thousand Oaks Transit(TOT),9165,City,
144,"Savannah, GA","208,886",102.0,"2,040.0",50-99,Chatham Area Transit Authority(CAT),4025,Agency,
145,"Salem, OR","207,229",69.0,"2,994.0",100-249,Salem Area Mass Transit District(Cherriots),0025,Agency,
146,"Fort Collins, CO","206,757",84.0,"2,472.0",50-99,North Front Range Metropolitan Planning Organization(NFRMPO),8106,MPO,
146,"Fort Collins, CO","206,757",84.0,"2,472.0",25-49,Transfort ,8011,City,
146,"Fort Collins, CO","206,757",84.0,"2,472.0",under 25,City of Loveland Transit(COLT),8025,City,
146,"Fort Collins, CO","206,757",84.0,"2,472.0",under 25,Berthoud Area Transportation Service(BATS),8027,City,
147,"Gulfport-Biloxi, MS","205,754",135.0,"1,525.0",50-99,Coast Transit Authority(CTA),4014,Agency,
148,"Tallahassee, FL","204,260",114.0,"1,794.0",50-99,City of Tallahassee(StarMetro ),4036,City,
149,"Lubbock, TX","202,225",75.0,"2,714.0",50-99,"City Transit Management Company, Inc.(Citibus)",6010,City,
150,"Victorville-Hesperia-Apple Valley, CA","200,436",124.0,"1,617.0",50-99,Victor Valley Transit Authority(VVTA),9148,Agency,
151,"Lakeland, FL","199,487",121.0,"1,654.0",50-99,Polk County Transit Services Division - Polk County Board of County Commissioners(PCTS),4127,City,
151,"Lakeland, FL","199,487",121.0,"1,654.0",25-49,Lakeland Area Mass Transit District (Citrus Connection),4031,Agency,
152,"Roanoke, VA","197,442",112.0,"1,763.0",50-99,Greater Roanoke Transit Company(Valley Metro),3007,City,
153,"Nashua, NH-MA","197,155",138.0,"1,432.0",under 25,Nashua Transit System(NTS),1087,City,
154,"Montgomery, AL","196,892",99.0,"1,994.0",25-49,City of Montgomery-Montgomery Area Transit System(MATS),4044,City,
155,"Santa Barbara, CA","196,263",60.0,"3,283.0",100-249,Santa Barbara Metropolitan Transit District(SBMTD),9020,Agency,
156,"Erie, PA","194,804",79.0,"2,472.0",100-249,Erie Metropolitan Transit Authority(the e),3013,Agency,
157,"Lorain-Elyria, OH","193,586",88.0,"2,210.0",under 25,Lorain County Transit(LCT),5095,City,
158,"York, PA","192,903",119.0,"1,627.0",100-249,York County Transportation Authority(rabbittransit),3027,Agency,
159,"Waterbury, CT","189,026",98.0,"1,931.0",50-99,"Northeast Transportation Company, Inc.",1095,Contractor,
160,"Portland, ME","188,080",124.0,"1,519.0",25-49,"Regional Transportation Program, Inc.(RTP)",1069,Non-Profit,
160,"Portland, ME","188,080",124.0,"1,519.0",under 25,Greater Portland Transit District(Metro),1016,Agency,
160,"Portland, ME","188,080",124.0,"1,519.0",under 25,Casco Bay Island Transit District(CBITD),1088,Agency,
160,"Portland, ME","188,080",124.0,"1,519.0",under 25,South Portland Bus Service,1112,City,
160,"Portland, ME","188,080",124.0,"1,519.0",under 25,Biddeford-Saco-Old Orchard Beach Transit Committee Shuttle Bus(ShuttleBus),1114,Agency,
161,"Kalamazoo, MI","187,961",108.0,"1,745.0",50-99,Kalamazoo Metro Transit System(Metro Transit),5035,City,
162,"Hickory, NC","187,808",211.0,891.0,25-49,Western Piedmont Regional Transit Authority(WPRTA),4172,Agency,
163,"Appleton, WI","187,683",73.0,"2,569.0",50-99,City of Appleton - Valley Transit( ),5001,City,
164,"Green Bay, WI","187,316",82.0,"2,281.0",50-99,Green Bay Metro(GBM),5002,City,
166,"Charleston, WV","182,991",113.0,"1,614.0",50-99,Kanawha Valley Regional Transportation Authority(KVRTA),3001,Other  ,
167,"Amarillo, TX","179,312",74.0,"2,421.0",under 25,Amarillo City Transit(ACT),6001,City,
169,"Bremerton, WA","178,369",118.0,"1,518.0",250-499,Kitsap Transit,0020,Agency,
170,"Lafayette, LA","178,079",125.0,"1,429.0",under 25,Lafayette Transit System(LTS),6038,City,
171,"Huntington, WV-KY-OH","177,550",107.0,"1,663.0",25-49,The Tri-State Transit Authority(TTA),3002,Agency,
171,"Huntington, WV-KY-OH","177,550",107.0,"1,663.0",under 25,Ashland Bus System(ABS),4016,City,
171,"Huntington, WV-KY-OH","177,550",107.0,"1,663.0",under 25,Lawrence County Port Authority(LCT),5186,Agency,
172,"Laredo, TX","175,586",43.0,"4,130.0",25-49,"Laredo Transit Management, Inc.(El Metro)",6009,City,
173,"Aberdeen-Havre de Grace-Bel Air, MD","174,598",102.0,"1,711.0",25-49,Harford Transit(HT),3074,City,
174,"Norwich-New London, CT","173,160",123.0,"1,407.0",under 25,Southeast Area Transit(SEAT),1040,Agency,
175,"Fayetteville-Springdale, AR","172,585",109.0,"1,586.0",under 25,"University of Arkansas, Fayetteville(Razorback Transit)",6062,University,
175,"Fayetteville-Springdale, AR","172,585",109.0,"1,586.0",under 25,Ozark Regional Transit(ORT),6072,Agency,
176,"Santa Clarita, CA","170,481",54.0,"3,138.0",50-99,Santa Clarita Transit(SCT),9171,City,
177,"Killeen, TX","167,976",64.0,"2,622.0",100-249,Hill Country Transit District(The Hop),6091,Agency,
178,"Brownsville, TX","165,776",57.0,"2,892.0",25-49,City of Brownsville - Brownsville Urban System(BUS),6014,City,
179,"Wilmington, NC","161,149",119.0,"1,355.0",50-99,Cape Fear Public Transportation Authority(Wave),4006,Agency,
180,"Gainesville, FL","159,508",77.0,"2,059.0",100-249,Gainesville Regional Transit System(RTS),4030,City,
181,"Vallejo, CA","158,967",34.0,"4,682.0",50-99,"City of Vallejo Transportation Program(Vallejo Transit, Baylink)",9028,City,
181,"Vallejo, CA","158,967",34.0,"4,682.0",under 25,City of Benicia(Benicia Breeze),9174,City,
182,"Binghamton, NY-PA","158,884",76.0,"2,079.0",50-99,Broome County Department of Public Transportation(Broome County),2003,City,
182,"Binghamton, NY-PA","158,884",76.0,"2,079.0",under 25,Tioga County(Tioga County Transit),2158,City,
183,"Santa Cruz, CA","157,348",55.0,"2,866.0",100-249,Santa Cruz Metropolitan Transit District(SCMTD),9006,Agency,
184,"Cedar Rapids, IA","155,334",59.0,"2,618.0",50-99,Cedar Rapids Transit(CRT),7008,City,
185,"Muskegon, MI","154,729",100.0,"1,553.0",under 25,Muskegon Area Transit System(MATS),5037,City,
185,"Muskegon, MI","154,729",100.0,"1,553.0",under 25,City of Grand Haven Harbor Transit,5181,City,
186,"Danbury, CT-NY","154,455",124.0,"1,250.0",25-49,Housatonic Area Regional Transit(HART),1051,Agency,
188,"Kennewick-Richland, WA","153,851",85.0,"1,815.0",500-999,Ben Franklin Transit(BFT),0018,Agency,
189,"Springfield, IL","153,516",87.0,"1,762.0",50-99,Springfield Mass Transit District(SMTD),5059,Agency,
190,"Waco, TX","153,198",70.0,"2,197.0",under 25,"Waco Transit System, Inc.(WTS)",6012,City,
191,"Fort Walton Beach, FL","152,741",97.0,"1,582.0",25-49,Okaloosa County Board of County Commissioners,4128,City,
193,"New Bedford, MA","146,730",63.0,"2,347.0",50-99,Southeastern Regional Transit Authority(SRTA),1006,Agency,
194,"Spartanburg, SC","145,058",137.0,"1,055.0",50-99,Spartanburg County Transportation Services(sctsb),4088,City,
194,"Spartanburg, SC","145,058",137.0,"1,055.0",under 25,Spartanburg Transit System(SPARTA),4101,Agency,
195,"Olympia-Lacey, WA","143,826",92.0,"1,564.0",250-499,Intercity Transit(I.T.),0019,Agency,
196,"Manchester, NH","143,549",71.0,"2,020.0",under 25,Manchester Transit Authority(MTA),1002,Agency,
197,"Fargo, ND-MN","142,477",46.0,"3,110.0",25-49,"City of Fargo, DBA:  Metropolitan Area Transit(MAT)",8003,City,
197,"Fargo, ND-MN","142,477",46.0,"3,110.0",under 25,"City of Moorhead, DBA: Metropolitan Area Transit(MATBUS)",5026,City,
198,"Topeka, KS","142,411",70.0,"2,029.0",50-99,Topeka Metropolitan Transit Authority(Topeka Transit - TMTA),7014,Agency,
199,"Gastonia, NC","141,407",119.0,"1,190.0",under 25,Gastonia Transit(Gastonia Transit),4010,City,
200,"Saginaw, MI","140,985",74.0,"1,912.0",25-49,Saginaw Transit Authority Regional Service(STARS),5039,Agency,
201,"Beaumont, TX","139,304",81.0,"1,711.0",under 25,Beaumont Municipal Transit System(BMT),6016,Other  ,
202,"Murfreesboro, TN","135,855",88.0,"1,538.0",under 25,City of Murfreesboro(Rover Public Transit),4186,City,
203,"Macon, GA","135,170",81.0,"1,679.0",under 25,Macon-Bibb County Transit Authority(MTA    ),4130,Agency,
204,"Lake Charles, LA","132,977",92.0,"1,451.0",under 25,Lake Charles Transit System(LCTS),6023,City,
205,"High Point, NC","132,844",94.0,"1,412.0",under 25,High Point Transit(Hi tran),4011,City,
205,"High Point, NC","132,844",94.0,"1,412.0",under 25,Davidson County Transportation(DCTS),4131,City,
206,"College Station-Bryan, TX","132,500",49.0,"2,696.0",100-249,Brazos Transit District(The District),6059,Agency,
207,"Panama City, FL","132,419",102.0,"1,302.0",25-49,"Tri-County Community Council, Inc.(TCCC)",4148,Agency,
207,"Panama City, FL","132,419",102.0,"1,302.0",under 25,Bay County Transportation Planning Organization(BTT),4185,MPO,
208,"Elkhart, IN-MI","131,226",78.0,"1,693.0",under 25,Michiana Area Council of Governments(MACOG),5149,MPO,
209,"Racine, WI","129,545",46.0,"2,825.0",25-49,Belle Urban System - Racine(The Bus),5006,City,
210,"Medford, OR","128,780",59.0,"2,194.0",25-49,Rogue Valley Transportation District(RVTD),0034,Agency,
211,"Houma, LA","125,929",77.0,"1,637.0",under 25,Terrebonne Parish Consolidated Government(Good Earth Transit),6080,City,
212,"Lafayette, IN","125,738",55.0,"2,299.0",50-99,Greater Lafayette Public Transportation Corporation(CityBus),5051,Agency,
213,"Seaside-Monterey-Marina, CA","125,503",41.0,"3,088.0",100-249,Monterey-Salinas Transit(MST),9062,Agency,
214,"Sioux Falls, SD","124,269",46.0,"2,722.0",25-49,Su Tran LLC dba: Sioux Area Metro(SAM),8002,Agency,
215,"Champaign, IL","123,938",41.0,"3,020.0",100-249,Champaign-Urbana Mass Transit District(C-U MTD),5060,Agency,
216,"Pueblo, CO","123,351",54.0,"2,297.0",25-49,Pueblo Transit System(PT),8007,City,
217,"Myrtle Beach, SC","122,984",101.0,"1,219.0",25-49,Waccamaw Regional Transportation Authority(The Coast RTA),4102,Agency,
218,"North Port-Punta Gorda, FL","122,421",89.0,"1,370.0",under 25,Charlotte County Transit Division,4129,City,
219,"Clarksville, TN-KY","121,775",79.0,"1,544.0",under 25,Clarksville Transit System(CTS),4092,City,
220,"Vero Beach-Sebastian, FL","120,962",81.0,"1,485.0",25-49,"Senior Resource Association, Inc.(SRA)",4104,Non-Profit,
221,"Hagerstown, MD-WV-PA","120,326",77.0,"1,568.0",under 25,Washington County Transit(County Commuter),3042,City,
221,"Hagerstown, MD-WV-PA","120,326",77.0,"1,568.0",under 25,Eastern Panhandle Transit Authority(EPTA),3090,Agency,
222,"Santa Maria, CA","120,297",36.0,"3,384.0",under 25,Santa Maria Area Transit(SMAT),9087,City,
223,"Visalia, CA","120,044",40.0,"3,008.0",25-49,City of Visalia - Visalia City Coach(Visalia Transit),9091,City,
224,"Frederick, MD","119,144",79.0,"1,515.0",25-49,Transit Services of Frederick County,3072,City,
225,"Duluth, MN-WI","118,265",66.0,"1,785.0",50-99,Duluth Transit Authority(DTA),5025,Agency,
228,"Tuscaloosa, AL","116,888",76.0,"1,538.0",under 25,Tuscaloosa County Parking and Transit Authority(TMT),4045,Agency,
230,"Port Arthur, TX","114,656",46.0,"2,500.0",under 25,Port Arthur Transit(PAT),6013,City,
232,"Monroe, LA","113,818",78.0,"1,451.0",under 25,City of Monroe Transit System(MTS),6026,City,
233,"Utica, NY","113,409",55.0,"2,064.0",25-49,"Centro of Oneida, Inc.(Centro of Oneida)",2185,Subsidiary,
233,"Utica, NY","113,409",55.0,"2,064.0",under 25,County of Oneida,2119,City,
234,"Leominster-Fitchburg, MA","112,943",63.0,"1,803.0",100-249,Montachusett Regional Transit Authority(MART),1061,Agency,
235,"Yakima, WA","112,816",50.0,"2,240.0",50-99,Yakima Transit(YT),0006,City,
236,"Fairfield, CA","112,446",26.0,"4,356.0",25-49,City of Fairfield - Fairfield and Suisun Transit(FAST),9092,City,
237,"Bloomington-Normal, IL","112,415",37.0,"3,024.0",25-49,Bloomington-Normal Public Transit System(B-NPTS),5047,Agency,
238,"Simi Valley, CA","112,345",27.0,"4,149.0",under 25,Simi Valley Transit(SVT),9050,City,
240,"Odessa, TX","111,395",53.0,"2,092.0",under 25,Midland-Odessa Urban Transit District(EZ RIDER),6097,Agency,
241,"Kenosha, WI","110,942",42.0,"2,632.0",50-99,Kenosha Transit(KT),5003,City,
243,"Merced, CA","110,483",36.0,"3,072.0",25-49,Merced County Transit(The Bus),9173,Agency,
244,"Waterloo, IA","108,298",53.0,"2,053.0",25-49,Metropolitan Transit Authority of Black Hawk County(MET Transit),7013,Agency,
245,"Abilene, TX","107,041",48.0,"2,251.0",25-49,"Abilene Transit Management, Inc(CityLink)",6040,City,
246,"Ocala, FL","106,542",89.0,"1,198.0",under 25,"City of Ocala, Florida(SunTran)",4120,City,
247,"Athens-Clarke County, GA","106,482",80.0,"1,338.0",25-49,Athens Transit System(ATS),4047,City,
247,"Athens-Clarke County, GA","106,482",80.0,"1,338.0",25-49,University of Georgia Transit System(UGA),4180,University,
248,"Fort Smith, AR-OK","106,470",55.0,"1,926.0",under 25,Fort Smith Transit(FST),6086,City,
249,"South Lyon-Howell-Brighton, MI","106,139",95.0,"1,117.0",under 25,Livingston Essential Transportation Service(LETS),5180,City,
250,"Sioux City, IA-NE-SD","106,119",53.0,"2,011.0",25-49,Sioux City Transit System(SCTS),7012,Other  ,
251,"Burlington, VT","105,365",62.0,"1,704.0",50-99,Chittenden County Transportation Authority(CCTA),1066,Agency,
252,"Redding, CA","105,267",71.0,"1,490.0",25-49,Redding Area Bus Authority(RABA),9093,Agency,
253,"Las Cruces, NM","104,186",64.0,"1,625.0",under 25,Las Cruces Area Transit(RoadRUNNER Transit),6049,City,
254,"Johnson City, TN","102,456",91.0,"1,127.0",under 25,Johnson City Transit System(JCT),4054,City,
255,"Brooksville, FL","102,193",84.0,"1,221.0",under 25,Hernando County Board of County Commissioners(The Bus),4146,City,
256,"Tyler, TX","101,494",57.0,"1,766.0",under 25,City of Tyler(COT),6089,City,
257,"Billings, MT","100,317",46.0,"2,192.0",25-49,Billings Metropolitan Transit(Billings MET Transit ),8004,City,
258,"Wichita Falls, TX","99,396",52.0,"1,914.0",under 25,Wichita Falls Transit System,6035,City,
260,"Columbia, MO","98,779",52.0,"1,917.0",25-49,Columbia Transit(CT),7016,City,
261,"Lynchburg, VA","98,714",75.0,"1,325.0",25-49,Greater Lynchburg Transit Company(GLTC),3008,Other Public,
262,"Yuba City, CA","97,645",35.0,"2,761.0",25-49,Yuba-Sutter Transit Authority(YSTA),9061,Agency,
263,"Leesburg-Eustis, FL","97,497",71.0,"1,373.0",50-99,Lake County Board of County Commissioners(LCBOCC),4158,City,
264,"Fredericksburg, VA","97,102",65.0,"1,486.0",under 25,Fredericksburg Regional Transit(FRED),3079,City,
265,"Anderson, IN","97,038",63.0,"1,532.0",under 25,City of Anderson Transportation System(CATS),5041,City,
266,"Decatur, IL","96,454",50.0,"1,923.0",25-49,Decatur Public Transit System(DPTS),5061,City,
267,"Texas City, TX","96,417",59.0,"1,647.0",25-49,The Gulf Coast Center(Connect Transit),6082,Agency,
269,"Kingsport, TN-VA","95,766",98.0,977.0,under 25,Kingsport Area Transit System(K.A.T.S.),4080,City,
270,"Jacksonville, NC","95,514",64.0,"1,490.0",under 25,City of Jacksonville(Jacksonville Transit),4166,City,
271,"Albany, GA","95,450",66.0,"1,449.0",under 25,Albany Transit System(ATS),4021,City,
272,"Yuma, AZ-CA","94,950",38.0,"2,532.0",under 25,Yuma Metropolitan Planning Organization(YMPO),9192,MPO,
273,"Middletown, OH","94,355",48.0,"1,964.0",under 25,City of Middletown - Middletown Transit System(MTS),5019,City,
275,"Greeley, CO","93,879",34.0,"2,783.0",under 25,City of Greeley - Transit Services(GET),8010,City,
276,"Bloomington, IN","92,456",43.0,"2,150.0",25-49,Bloomington Public Transportation Corporation(BT),5110,Agency,
277,"Grand Junction, CO","92,362",56.0,"1,648.0",under 25,Mesa County(GVT),8016,City,
278,"Holland, MI","91,921",48.0,"1,917.0",25-49,Macatawa Area Express Transportation Authority(MAX),5184,Agency,
279,"Eau Claire, WI","91,393",57.0,"1,590.0",25-49,Eau Claire Transit(ECT),5099,City,
279,"Eau Claire, WI","91,393",57.0,"1,590.0",under 25,Chippewa Falls General Public Shared-Ride Taxi System(CFTN),5133,Agency,
280,"St. Cloud, MN","91,305",39.0,"2,313.0",25-49,St. Cloud Metropolitan Transit Commission(Metro Bus),5028,Agency,
281,"Rochester, MN","91,271",40.0,"2,267.0",25-49,City of Rochester Public Transportation,5092,City,
283,"Muncie, IN","90,673",43.0,"2,109.0",25-49,Muncie Indiana Transit System(MITS),5054,Agency,
284,"Vacaville, CA","90,264",25.0,"3,564.0",under 25,City of Vacaville(City Coach),9155,City,
285,"La Crosse, WI-MN","89,966",40.0,"2,228.0",25-49,LaCrosse Municipal Transit Utility(La Crosse MTU),5004,City,
285,"La Crosse, WI-MN","89,966",40.0,"2,228.0",under 25,Onalaska Shared Ride Taxi City of Onalaska( ),5152,City,
286,"Springfield, OH","89,684",44.0,"2,045.0",under 25,Springfield City Area Transit(SCAT),5020,City,
287,"Lawton, OK","89,556",55.0,"1,623.0",under 25,The Lawton Area Transit System(LATS),6094,Other  ,
289,"Chico, CA","89,221",35.0,"2,554.0",25-49,Butte County Association of Governments(BCAG),9208,MPO,
291,"Gainesville, GA","88,680",90.0,981.0,under 25, Hall Area Transit(HAT),4144,City,
292,"Jackson, MI","88,050",52.0,"1,706.0",25-49,City of Jackson Transportation Authority(JTA),5034,Agency,
293,"San Angelo, TX","87,969",46.0,"1,929.0",50-99,Concho Valley Transit District(CVTD),6102,Agency,
294,"Wheeling, WV-OH","87,613",54.0,"1,614.0",under 25,Ohio Valley Regional Transportation Authority(OVRTA / EORTA),3035,Agency,
295,"Port Huron, MI","86,486",56.0,"1,557.0",100-249,Blue Water Area Transportation Commission(Blue Water Area Transit),5148,Agency,
296,"Norman, OK","86,478",30.0,"2,860.0",under 25,Cleveland Area Rapid Transit(CART),6096,University,
297,"Parkersburg, WV-OH","85,605",50.0,"1,697.0",under 25,Mid-Ohio Valley Transit Authority(Easy Rider),3003,Agency,
297,"Parkersburg, WV-OH","85,605",50.0,"1,697.0",under 25,Washington County Commissioners(CABL Bus lines),3098,City,
298,"Iowa City, IA","85,247",36.0,"2,384.0",25-49,University of Iowa(Cambus),7019,University,
298,"Iowa City, IA","85,247",36.0,"2,384.0",under 25,Iowa City Transit(ICT),7018,City,
298,"Iowa City, IA","85,247",36.0,"2,384.0",under 25,Coralville Transit System(CTS),7030,City,
298,"Iowa City, IA","85,247",36.0,"2,384.0",under 25,Johnson County SEATS(SEATS),7045,City,
301,"Bellingham, WA","84,324",35.0,"2,376.0",100-249,Whatcom Transportation Authority(WTA),0021,Agency,
302,"Greenville, NC","84,059",45.0,"1,871.0",under 25,Greenville Area Transit(GREAT),4095,City,
303,"Lodi, CA","83,735",24.0,"3,558.0",under 25,City of Lodi - Transit Division(Grapeline),9175,City,
303,"Lodi, CA","83,735",24.0,"3,558.0",under 25,County of Sacramento Municipal Services Agency Department of Transportation(SacDOT),9216,City,
304,"Altoona, PA","82,520",38.0,"2,196.0",25-49,Altoona Metro Transit(AMTRAN),3011,Agency,
305,"Charlottesville, VA","81,449",37.0,"2,174.0",50-99,"JAUNT, Inc.",3045,Agency,
305,"Charlottesville, VA","81,449",37.0,"2,174.0",25-49,Charlottesville Area Transit(CAT),3036,City,
306,"Dover-Rochester, NH-ME","80,456",64.0,"1,267.0",under 25,Cooperative Alliance for Seacoast Transportation(COAST),1086,Agency,
307,"Santa Fe, NM","80,337",45.0,"1,770.0",25-49,Santa Fe Trails - City of Santa Fe(SFT),6077,City,
308,"Slidell, LA","79,926",56.0,"1,423.0",under 25,St. Tammany Parish Government(goSTAT),6109,City,
309,"Napa, CA","79,867",24.0,"3,395.0",25-49,Napa County Transportation Planning Agency(NCTPA),9088,Agency,
310,"Mansfield, OH","79,698",51.0,"1,572.0",under 25,Richland County Transit(RCT),5090,Agency,
311,"Lawrence, KS","79,647",23.0,"3,508.0",50-99,City of Lawrence,7048,Consolidated,
311,"Lawrence, KS","79,647",23.0,"3,508.0",under 25,Parking & Transit Department(KU),7044,University,
312,"Terre Haute, IN","79,376",43.0,"1,836.0",under 25,Terre Haute Transit Utility(THTU),5053,City,
313,"Battle Creek, MI","79,135",51.0,"1,547.0",under 25,Battle Creek Transit(BCT),5030,City,
314,"Alexandria, LA","78,504",58.0,"1,346.0",under 25,City of Alexandria(Atrans),6025,City,
315,"Longview, TX","78,070",51.0,"1,543.0",under 25,Longview Transit(LTMI),6081,City,
317,"St. Joseph, MO-KS","77,231",39.0,"1,997.0",under 25,St. Joseph Transit(The Ride),7032,City,
318,"Logan, UT","76,187",38.0,"1,986.0",under 25,Cache Valley Transit District(CVTD),8028,Agency,
319,"Johnstown, PA","76,113",43.0,"1,779.0",50-99,Cambria County Transit Authority(CamTran),3012,Agency,
320,"Anniston, AL","75,840",78.0,969.0,under 25,East Alabama Regional Planning and Development Commission(EARPDC),4064,MPO,
322,"Bismarck, ND","74,991",34.0,"2,211.0",25-49,Bis-Man Transit Board(CAT),8019,Agency,
323,"Coeur d'Alene, ID","74,800","109,156,799.0","1,775.0",under 25,Coeur d'Alene Tribe dba Citylink Transit(Citylink),0053,Other  ,
324,"St. Charles, MD","74,765",46.0,"1,618.0",under 25,"County Commissioners of Charles County, MD(DCS  VanGO)",3088,City,
325,"Lima, OH","74,071",46.0,"1,599.0",under 25,Allen County Regional Transit Authority(ACRTA),5093,Agency,
326,"Bay City, MI","74,048",40.0,"1,861.0",50-99,Bay Metropolitan Transit Authority(Bay Metro),5029,Agency,
327,"Weirton, WV-Steubenville, OH-PA","73,710",51.0,"1,458.0",under 25,Weirton Transit Corporation(WTC),3066,Contractor,
327,"Weirton, WV-Steubenville, OH-PA","73,710",51.0,"1,458.0",under 25,Steel Valley Regional Transit Authority(Steel Valley RTA),5142,Agency,
328,"Pottstown, PA","73,597",55.0,"1,339.0",under 25,Borough of Pottstown - Pottstown Area Rapid Transit(PART),3077,City,
331,"Texarkana, TX-Texarkana, AR","72,288",58.0,"1,246.0",under 25,Texarkana Urban Transit District(T Line),6093,Agency,
332,"Joplin, MO","72,089",57.0,"1,258.0",under 25,City of Joplin Metro Area Public(MAPS),7040,City,
334,"State College, PA","71,301",21.0,"3,332.0",50-99,Centre Area Transportation Authority(CATA),3054,Agency,
335,"Florence, AL","71,299",52.0,"1,380.0",25-49,Northwest Alabama Council of Local Governments(NACOLG),4068,MPO,
336,"Oshkosh, WI","71,070",27.0,"2,675.0",50-99,Oshkosh Transit System(OTS),5009,City,
337,"Anderson, SC","70,436",69.0,"1,023.0",under 25,Anderson Transit Authority(Electric City Transit),4081,City,
338,"Rock Hill, SC","70,007",61.0,"1,144.0",under 25,York County Council on Aging(YCCOA),4187,Contractor,
339,"Newark, OH","70,001",35.0,"1,977.0",under 25,City of Newark Transit Operations(Earthworks),5138,City,
339,"Newark, OH","70,001",35.0,"1,977.0",under 25,Licking County Transit Board(LCTB),5163,Agency,
340,"Hightstown, NJ","69,977",30.0,"2,339.0",under 25,East Windsor Township(EW),2194,City,
341,"Hanford, CA","69,639",25.0,"2,734.0",100-249,Kings County Area Public Transit Agency(KART),9200,Agency,
342,"Turlock, CA","69,507",19.0,"3,725.0",under 25,City of Turlock(BLAST and DART),9201,City,
343,"Missoula, MT","69,491",36.0,"1,910.0",25-49,Missoula Urban Transportation District(Mountain Line),8009,Agency,
343,"Missoula, MT","69,491",36.0,"1,910.0",under 25,The University of Montana - ASUM Transportation(ASUM OT),8107,University,
344,"Sheboygan, WI","68,600",26.0,"2,663.0",25-49,Sheboygan Transit System,5088,City,
345,"Wausau, WI","68,221",37.0,"1,827.0",25-49,Wausau Area Transit System(WATS),5091,City,
346,"Cheyenne, WY","68,202",34.0,"2,014.0",under 25,The City of Cheyenne Transit Program(CTP),8020,City,
348,"Owensboro, KY","67,665",39.0,"1,756.0",under 25,Owensboro Transit System(OTS),4020,City,
349,"Florence, SC","67,314",63.0,"1,076.0",100-249,Pee Dee Regional Transportation Authority(PDRTA),4056,Agency,
350,"Elmira, NY","67,159",35.0,"1,941.0",25-49,Chemung County Transit System(CCTS),2005,City,
351,"Idaho Falls, ID","66,973",31.0,"2,162.0",25-49,Targhee Regional Public Transit Authority(TRPTA),0042,Agency,
352,"Rapid City, SD","66,780",30.0,"2,198.0",under 25,Rapid Transit System,8014,City,
354,"Michigan City, IN-MI","66,199",33.0,"1,992.0",under 25,Michigan City Transit(MC Transit),5098,City,
354,"Michigan City, IN-MI","66,199",33.0,"1,992.0",under 25,Transporte(Our Citys Wheels),5162,City,
355,"Janesville, WI","66,034",29.0,"2,250.0",under 25,Janesville Transit System(JTS),5108,City,
356,"Davis, CA","66,022",14.0,"4,845.0",25-49,Unitrans - City of Davis/ASUCD(Unitrans),9142,University,
356,"Davis, CA","66,022",14.0,"4,845.0",under 25,Davis Community Transit(DCT),9167,City,
357,"Dubuque, IA-IL","65,251",30.0,"2,159.0",under 25,City of Dubuque(KeyLine),7011,City,
358,"Jackson, TN","65,086",39.0,"1,679.0",under 25,Jackson Transit Authority(JTA),4057,Agency,
359,"Kankakee, IL","65,073",28.0,"2,358.0",under 25,River Valley Metro Mass Transit District(RVMMTD),5159,City,
361,"Westminster, MD","65,034",53.0,"1,217.0",25-49,Carroll County Planning Department(CATS),3092,City,
363,"Great Falls, MT","64,387",29.0,"2,244.0",under 25,Great Falls Transit District(GFTD),8012,Agency,
364,"Sumter, SC","64,320",45.0,"1,439.0",50-99,Santee Wateree Regional Transportation Authority(SWRTA),4100,Agency,
365,"Kokomo, IN","63,739",35.0,"1,797.0",25-49,City of Kokomo(COK),5145,City,
366,"Lebanon, PA","63,681",30.0,"2,136.0",25-49,County of Lebanon Transit Authority(COLT),3095,Agency,
368,"Camarillo, CA","62,798",21.0,"2,945.0",under 25,Camarillo Area Transit(CAT),9163,City,
369,"St. George, UT","62,630",34.0,"1,863.0",under 25,City of St. George(SunTran),8026,City,
370,"Pocatello, ID","62,498",30.0,"2,088.0",25-49,City of Pocatello - Pocatello Regional Transit(PRT),0022,City,
372,"Benton Harbor-St. Joseph, MI","61,745",45.0,"1,360.0",under 25,Twin Cities Area Transportation Authority(TCATA),5132,Agency,
373,"Gadsden, AL","61,709",60.0,"1,033.0",under 25,Gadsden Transportation Services - City of Gadsden(GTS),4049,City,
374,"Rocky Mount, NC","61,657",41.0,"1,512.0",under 25,Tar River Transit(TRT),4096,City,
375,"Victoria, TX","61,529",51.0,"1,206.0",50-99,Golden Crescent Regional Planning Commission(VICTORIA TRANSIT),6095,Agency,
376,"Hattiesburg, MS","61,465",39.0,"1,577.0",under 25,Hub City Transit(HCT),4060,City,
377,"Dothan, AL","60,792",53.0,"1,137.0",50-99,Wiregrass Transit Authority,4103,MPO,
378,"Longview, WA-OR","60,443",27.0,"2,250.0",under 25,Community Urban Bus Service(CUBS),0016,City,
380,"Porterville, CA","60,261",21.0,"2,857.0",under 25,City of Porterville(C.O.L.T.),9198,City,
381,"Auburn, AL","60,137",40.0,"1,505.0",under 25, Lee-Russell Council of Governments(LRCOG),4073,MPO,
382,"Petaluma, CA","59,958",18.0,"3,246.0",under 25,City of Petaluma(Petaluma Transit),9213,City,
383,"Salisbury, MD-DE","59,426",43.0,"1,384.0",25-49,The Tri--County Council for the Lower Eastern Shore of Maryland(Shore Transit),3096,Contractor,
384,"Tracy, CA","59,020",13.0,"4,622.0",under 25,City of Tracy(TRACER),9197,City,
385,"Bangor, ME","58,983",39.0,"1,523.0",under 25,City of Bangor - BAT Community Connector(BAT),1096,City,
386,"Williamsport, PA","58,693",27.0,"2,176.0",25-49,Williamsport Bureau of Transportation(RVT),3026,Agency,
387,"Pine Bluff, AR","58,584",35.0,"1,651.0",under 25,Pine Bluff Transit(PBT),6034,City,
388,"Bristol, TN-Bristol, VA","58,472",51.0,"1,145.0",under 25,Bristol Virginia Transit(BVT),3053,City,
388,"Bristol, TN-Bristol, VA","58,472",51.0,"1,145.0",under 25,Bristol Tennessee Transit System(BTTS),4055,City,
389,"Uniontown-Connellsville, PA","58,442",45.0,"1,310.0",25-49,Fayette Area Coordinated Transportation(FACT),3087,City,
390,"Bowling Green, KY","58,314",36.0,"1,600.0",under 25,The City of Bowling Green/Community Action of Southern Kentucky(CASK),4184,City,
391,"Rome, GA","58,287",41.0,"1,427.0",25-49,City of Rome Transit Department(RTD),4058,City,
392,"Carson City, NV","58,263",28.0,"2,075.0",under 25,Jump Around Carson(JAC),9215,City,
393,"Corvallis, OR","58,229",29.0,"2,009.0",under 25,City of Corvallis(CTS),0047,City,
394,"Cleveland, TN","58,192",48.0,"1,206.0",under 25,Southeast Tennessee Human Resource Agency(SETHRA),4170,Agency,
395,"Madera, CA","58,027",23.0,"2,566.0",under 25,City of Madera(MAX/DAR),9199,City,
396,"Goldsboro, NC","57,915",44.0,"1,324.0",under 25,Goldsboro-Wayne Transportation Authority(GATEWAY),4132,Agency,
397,"Casper, WY","57,719",26.0,"2,210.0",under 25,City of Casper,8013,City,
400,"Glens Falls, NY","57,627",35.0,"1,630.0",under 25,Greater Glens Falls Transit System(GGFT),2120,City,
401,"Bend, OR","57,525",36.0,"1,581.0",under 25,"City of Bend, Bend Area Transit(BAT)",0050,City,
402,"Blacksburg, VA","57,236",26.0,"2,175.0",25-49,Blacksburg Transit(BT),3091,City,
403,"Flagstaff, AZ","57,050",32.0,"1,758.0",under 25,Northern Arizona Intergovernmental Public Transportation Authority(NAIPTA),9219,Agency,
404,"Grand Forks, ND-MN","56,573",17.0,"3,376.0",under 25,Cities Area Transit(CAT),8008,City,
405,"Monessen, PA","56,508",37.0,"1,547.0",25-49,Mid Mon Valley Transit Authority(MMVTA),3061,Agency,
406,"Beloit, WI-IL","56,462",28.0,"2,027.0",under 25,City of Beloit Transit System(BTS),5109,City,
407,"Sherman, TX","56,168",32.0,"1,762.0",50-99,"Texoma Area Paratransit System, Inc(TAPS)",6107,City,
408,"Morgantown, WV","55,997",34.0,"1,641.0",25-49,Monongalia County Urban Mass Transit Authority(Mountain Line Transit),3089,Agency,
409,"DeKalb, IL","55,805",18.0,"3,121.0",under 25,City of DeKalb(DSATS),5176,City,
410,"Lompoc, CA","55,667",60.0,926.0,under 25,City of Lompoc - Lompoc Transit(COLT),9149,City,
411,"Wenatchee, WA","55,425",27.0,"2,081.0",50-99,Link Transit,0043,Agency,
413,"Galveston, TX","54,770",12.0,"4,528.0",under 25,Island Transit(I T),6015,City,
414,"Atascadero-El Paso de Robles (Paso Robles), CA","54,762",31.0,"1,779.0",under 25,City of Atascadero(No Acronym),9194,City,
414,"Atascadero-El Paso de Robles (Paso Robles), CA","54,762",31.0,"1,779.0",under 25,Paso Robles Transit Service(PE ),9195,City,
415,"McKinney, TX","54,525",27.0,"2,010.0",25-49,Collin County Committee on Aging(CCART),6110,Non-Profit,
416,"Morristown, TN","54,368",45.0,"1,198.0",under 25,"East Tennessee Human Resource Agency, Inc.(ETHRA)",4190,Agency,
419,"Jefferson City, MO","53,714",38.0,"1,408.0",under 25,City of Jefferson(JEFFTRAN),7043,City,
420,"Winchester, VA","53,559",33.0,"1,616.0",under 25,City of Winchester(Winchester Transit),3099,City,
421,"Ithaca, NY","53,528",30.0,"1,802.0",50-99,Tompkins Consolidated Area Transit(TCAT),2145,Non-Profit,
422,"St. Augustine, FL","53,519",35.0,"1,546.0",under 25,"St Johns County, Florida,  Board of County Commissioners(St Johns County)",4155,City,
423,"San Luis Obispo, CA","53,498",15.0,"3,607.0",25-49,San Luis Obispo Regional Transit Authority(SLORTA),9206,Agency,
423,"San Luis Obispo, CA","53,498",15.0,"3,607.0",under 25,City of San Luis Obispo(SLO Transit),9156,City,
424,"Kingston, NY","53,458",34.0,"1,588.0",under 25,City of Kingston Citibus,2191,City,
425,"Farmington, NM","53,294",43.0,"1,238.0",under 25,Red Apple Transit(COF),6100,City,
426,"Danville, IL","53,223",31.0,"1,721.0",under 25,City of Danville/Danville Mass Transit(DMT),5174,City,
428,"El Centro, CA","52,954",17.0,"3,209.0",under 25,Imperial Valley Transit(IVT),9212,City,
430,"Pittsfield, MA","52,772",34.0,"1,560.0",25-49,Berkshire Regional Transit Authority(BRTA),1007,Agency,
431,"Harrisonburg, VA","52,647",27.0,"1,972.0",25-49,City of Harrisonburg Department of Public Transportation(Harrisonburg Transit),3094,City,
432,"Wildwood-North Wildwood-Cape May, NJ","52,550",39.0,"1,355.0",25-49,Cape May County Fare Free Transportation(Fare Free),2203,City,
433,"Decatur, AL","52,315",28.0,"1,856.0",25-49,Morgan County Area Transportation System(MCATS),4111,City,
434,"Fairbanks, AK","51,926",43.0,"1,205.0",under 25,Fairbanks North Star Borough Transit(MACS),0045,City,
435,"Jonesboro, AR","51,804",40.0,"1,298.0",under 25,Jonesboro Economical Transportation System(JETS),6104,City,
436,"Hot Springs, AR","51,763",45.0,"1,142.0",under 25,Intracity Transit(Intracity Transit),6105,City,
437,"Hazleton, PA","51,746",29.0,"1,792.0",under 25,City of Hazleton -- Hazleton Public Transit(HPT),3093,City,
439,"Manteca, CA","51,176",14.0,"3,760.0",under 25,City of Manteca,9217,City,
440,"Mount Vernon, WA","51,174",32.0,"1,613.0",50-99,Skagit Transit,0044,Agency,
442,"Portsmouth, NH-ME","50,912",43.0,"1,186.0",25-49,University Of New Hampshire - University Transportation Services(UNH UTS),1119,University,
442,"Portsmouth, NH-ME","50,912",43.0,"1,186.0",under 25,York County Community Action Corporation(YCCAC),1099,Other  ,
443,"Danville, VA","50,902",33.0,"1,561.0",under 25,City of Danville Mass Transit System(Danville Transit),3069,City,
444,"Ames, IA","50,726",16.0,"3,212.0",50-99,Ames Transit Agency(CyRide),7041,City,
446,"Sandusky, OH","50,693",29.0,"1,731.0",under 25,Sandusky Transit System(STS),5164,City,
447,"Lewiston, ME","50,567",21.0,"2,450.0",25-49,"Western Maine Transportation Services, Inc.(WMTS)",1098,Non-Profit,
447,"Lewiston, ME","50,567",21.0,"2,450.0",under 25,Lewiston-Auburn Transit Committee(LATC),1015,City,
449,"Lewiston, ID-WA","50,317",28.0,"1,777.0",under 25,Lewiston Transit System(LTS),0048,City,
449,"Lewiston, ID-WA","50,317",28.0,"1,777.0",under 25,Asotin County PTBA(PTBA),0051,City,
450,"Columbus, IN","50,227",26.0,"1,942.0",under 25,ColumBUS Transit(ColumBUS),5177,City,
452,"Fond du Lac, WI","50,058",20.0,"2,459.0",under 25,Fond du Lac Area Transit(Fond du Lac Area Transit),5171,City,
453,"Cumberland, MD--WV","52,115",47.0,"1,593.0",under 25,Allegany County Transit(ACT),3041,City,
500,"San Juan, PR","2,216,616",892.0,"2,486.0",1000 & Over,Department of Transportation and Public Works(DTPW),4105,State DOT,
500,"San Juan, PR","2,216,616",892.0,"2,486.0",100-249,Metropolitan Bus Authority(MBA),4086,State DOT,
500,"San Juan, PR","2,216,616",892.0,"2,486.0",50-99,Puerto Rico Highway and Transportation Authority(PRHTA),4094,State DOT,
500,"San Juan, PR","2,216,616",892.0,"2,486.0",under 25,City of San Juan(MSJ),4112,City,
500,"San Juan, PR","2,216,616",892.0,"2,486.0",under 25,Municipality of Caguas Mobility Office,4115,City,
500,"San Juan, PR","2,216,616",892.0,"2,486.0",under 25,Municipality of Vega Baja(DDEC),4117,City,
500,"San Juan, PR","2,216,616",892.0,"2,486.0",under 25,Municipality of Cayey(Cayey),4122,City,
500,"San Juan, PR","2,216,616",892.0,"2,486.0",under 25,Federal Programs Municipality of Gurabo,4123,City,
500,"San Juan, PR","2,216,616",892.0,"2,486.0",under 25,Municipality of Cidra(MACPR),4124,City,
500,"San Juan, PR","2,216,616",892.0,"2,486.0",under 25,Autonomous Municipality of Carolina(GMAC),4125,City,
500,"San Juan, PR","2,216,616",892.0,"2,486.0",under 25,Municipality of Humacao(SITRAH),4126,City,
500,"San Juan, PR","2,216,616",892.0,"2,486.0",under 25,Municipality of Bayamon(BPTS),4137,City,
500,"San Juan, PR","2,216,616",892.0,"2,486.0",under 25,Municipality of Manati(DCDH),4145,City,
500,"San Juan, PR","2,216,616",892.0,"2,486.0",under 25,Municipality of Catano,4163,City,
500,"San Juan, PR","2,216,616",892.0,"2,486.0",under 25,Municipality of Juncos(STJ),4165,City,
500,"San Juan, PR","2,216,616",892.0,"2,486.0",under 25,Maritime Transportation Authority of Puerto Rico(PRMTA),4175,Agency,
500,"San Juan, PR","2,216,616",892.0,"2,486.0",under 25,Municipality of Toa Baja,4182,City,
501,"Aguadilla-Isabela-San Sebastian, PR","299,086",239.0,"1,249.0",under 25,Municipality of Aguada(Municipio de Aguada),4114,City,
501,"Aguadilla-Isabela-San Sebastian, PR","299,086",239.0,"1,249.0",under 25,Municipality of San Sebastian(PEPINO),4183,City,
503,"Arecibo, PR","145,643",91.0,"1,604.0",under 25,Municipal Government of Hatillo(MH),4151,City,
503,"Arecibo, PR","145,643",91.0,"1,604.0",under 25,Municipality of Camuy,4160,City,
504,"Mayaguez, PR","119,350",60.0,"1,979.0",under 25,Municipality of Hormigueros,4121,City,
506,"Yauco, PR","108,024",64.0,"1,691.0",under 25,Municipality of Yauco,4174,City,
507,"Fajardo, PR","78,595",43.0,"1,817.0",under 25,Municipality of Fajardo(Municipo de Fajardo),4164,City,
509,"Florida-Barceloneta-Bajadero, PR","68,811",49.0,"1,393.0",under 25,Municipal Government of Barceloneta,4150,City,
600,"Virgin Islands, VI 1","108,612",134.0,811.0,under 25,Virgin Islands Department of Public Works(VIDPW),4188,City,
